<?xml version = '1.0' encoding = 'UTF-8'?>
<relationalModel class="oracle.dbtools.crest.model.design.relational.RelationalDesign" name="Relational_1" id="5D5C9885-5823-B9F6-8904-D9ACAAA78EBD" mainViewID="C365686D-8F5D-764B-C66B-54C1C8F17075">
<createdBy>roph</createdBy>
<createdTime>2020-03-20 22:20:30 UTC</createdTime>
<ownerDesignName>LojaModeloConceitual</ownerDesignName>
<shouldBeOpen>true</shouldBeOpen>
<selectedRDBMSSite>32076570-2523-435C-2E92-BF29817DFF70</selectedRDBMSSite>
</relationalModel>