<?xml version = '1.0' encoding = 'UTF-8'?>
<FKArc class="oracle.dbtools.crest.model.design.relational.FKArc" directorySegmentName="seg_0" id="3C299031-9DEB-3E3D-73D9-A0C11C7AC436" name="FKArc_1">
<createdBy>roph</createdBy>
<createdTime>2020-05-25 23:14:33 UTC</createdTime>
<ownerDesignName>Modelo Relacional</ownerDesignName>
<mandatory>true</mandatory>
<table>4A2985CD-E93D-81D4-F58A-B06BBF330516</table>
<fkeys>
<fkeyID>813B3B44-5432-ED76-E649-87C9F4FFEF8E</fkeyID>
<fkeyID>DA233B24-FA30-1DC6-0644-CC36AB16EC25</fkeyID>
</fkeys>
</FKArc>