<?xml version = '1.0' encoding = 'UTF-8'?>
<Relation class="oracle.dbtools.crest.model.design.logical.Relation" name="Relation_11" directorySegmentName="seg_0" id="8EF4930F-702F-26E3-FB24-04D23F591568">
<createdBy>Particular</createdBy>
<createdTime>2020-05-06 22:21:34 UTC</createdTime>
<ownerDesignName>ModeloLógico</ownerDesignName>
<engineerTo>
<item key="5D5C9885-5823-B9F6-8904-D9ACAAA78EBD" value="true"/>
</engineerTo>
<sourcePk>BFD57F3F-85B0-0110-DEFC-2718A9A5071C</sourcePk>
<targetPk>9ACA05A2-3D7F-5FCF-9AC0-038093C100DD</targetPk>
<identifying>false</identifying>
<optionalSource>false</optionalSource>
<optionalTarget>false</optionalTarget>
<sourceCardinality>1</sourceCardinality>
<sourceEntity>2A284F69-406F-C088-812D-8E7D995ECBCA</sourceEntity>
<targetCardinalityString>1</targetCardinalityString>
<targetEntity>1E55A0A2-CEFD-79E2-A796-D6499BE7AE88</targetEntity>
<transferable>true</transferable>
<deleteRule>NO ACTION</deleteRule>
</Relation>