<?xml version = '1.0' encoding = 'UTF-8'?>
<Relation class="oracle.dbtools.crest.model.design.logical.Relation" name="Relation_1" directorySegmentName="seg_0" id="A66B72EF-0147-C697-9904-E0B544F3C596">
<createdBy>roph</createdBy>
<createdTime>2020-03-21 00:30:55 UTC</createdTime>
<ownerDesignName>ModeloConceitual</ownerDesignName>
<engineerTo>
<item key="5D5C9885-5823-B9F6-8904-D9ACAAA78EBD" value="true"/>
</engineerTo>
<sourcePk>71B06F41-7C42-CA7C-B59D-17D567CB2E8C</sourcePk>
<identifying>false</identifying>
<optionalSource>true</optionalSource>
<optionalTarget>false</optionalTarget>
<sourceCardinality>1</sourceCardinality>
<sourceEntity>2A284F69-406F-C088-812D-8E7D995ECBCA</sourceEntity>
<targetCardinalityString>*</targetCardinalityString>
<targetEntity>270C06C0-E1CF-59E2-4B24-6E6647895A43</targetEntity>
<transferable>true</transferable>
<deleteRule>NO ACTION</deleteRule>
</Relation>