<?xml version = '1.0' encoding = 'UTF-8'?>
<Relation class="oracle.dbtools.crest.model.design.logical.Relation" name="Relation_2" directorySegmentName="seg_0" id="BA6EB13A-8DFB-9579-F9E3-7E882A27FB0C">
<createdBy>roph</createdBy>
<createdTime>2020-03-21 00:31:16 UTC</createdTime>
<ownerDesignName>ModeloLógico</ownerDesignName>
<engineerTo>
<item key="5D5C9885-5823-B9F6-8904-D9ACAAA78EBD" value="true"/>
</engineerTo>
<sourcePk>8418A04B-509D-31E9-CA39-8490185F8783</sourcePk>
<identifying>false</identifying>
<optionalSource>true</optionalSource>
<optionalTarget>false</optionalTarget>
<sourceCardinality>1</sourceCardinality>
<sourceEntity>2A284F69-406F-C088-812D-8E7D995ECBCA</sourceEntity>
<targetCardinalityString>*</targetCardinalityString>
<targetEntity>D16E8CE6-C98A-8925-90A4-DD9C7EB67C69</targetEntity>
<transferable>true</transferable>
<deleteRule>NO ACTION</deleteRule>
</Relation>