<?xml version = '1.0' encoding = 'UTF-8'?>
<Relation class="oracle.dbtools.crest.model.design.logical.Relation" name="Relation_12" directorySegmentName="seg_0" id="CD495D82-AB63-AC46-AB25-743DF1A6720A">
<createdBy>Particular</createdBy>
<createdTime>2020-05-06 22:21:47 UTC</createdTime>
<ownerDesignName>ModeloLógico</ownerDesignName>
<engineerTo>
<item key="5D5C9885-5823-B9F6-8904-D9ACAAA78EBD" value="true"/>
</engineerTo>
<sourcePk>9ACA05A2-3D7F-5FCF-9AC0-038093C100DD</sourcePk>
<targetPk>11FEC94A-6832-4FB1-E51E-9C1130D769D9</targetPk>
<identifying>false</identifying>
<optionalSource>false</optionalSource>
<optionalTarget>false</optionalTarget>
<sourceCardinality>1</sourceCardinality>
<sourceEntity>1E55A0A2-CEFD-79E2-A796-D6499BE7AE88</sourceEntity>
<targetCardinalityString>1</targetCardinalityString>
<targetEntity>FF56AA8F-8DEA-57CC-DEDB-8ABF532F4DE6</targetEntity>
<transferable>true</transferable>
<deleteRule>NO ACTION</deleteRule>
</Relation>