<?xml version = '1.0' encoding = 'UTF-8'?>
<Relation class="oracle.dbtools.crest.model.design.logical.Relation" name="Relation_5" directorySegmentName="seg_0" id="DAF2849F-8195-22AC-3120-3E963E2CE822">
<createdBy>roph</createdBy>
<createdTime>2020-03-21 00:31:50 UTC</createdTime>
<ownerDesignName>ModeloConceitual</ownerDesignName>
<engineerTo>
<item key="5D5C9885-5823-B9F6-8904-D9ACAAA78EBD" value="true"/>
</engineerTo>
<sourcePk>A6F4DAE9-503A-0CD0-56F6-A6F34084B1FF</sourcePk>
<identifying>false</identifying>
<optionalSource>false</optionalSource>
<optionalTarget>false</optionalTarget>
<sourceCardinality>1</sourceCardinality>
<sourceEntity>270C06C0-E1CF-59E2-4B24-6E6647895A43</sourceEntity>
<targetCardinalityString>*</targetCardinalityString>
<targetEntity>6123F911-50A7-3557-5AD1-9C829944D909</targetEntity>
<transferable>true</transferable>
<deleteRule>NO ACTION</deleteRule>
</Relation>