<?xml version = '1.0' encoding = 'UTF-8'?>
<Relation class="oracle.dbtools.crest.model.design.logical.Relation" name="Relation_3" directorySegmentName="seg_0" id="FF14A075-05E9-EB5A-B3F7-992F766930B1">
<createdBy>roph</createdBy>
<createdTime>2020-03-21 00:31:25 UTC</createdTime>
<ownerDesignName>ModeloLógico</ownerDesignName>
<engineerTo>
<item key="5D5C9885-5823-B9F6-8904-D9ACAAA78EBD" value="true"/>
</engineerTo>
<targetPk>89445D1A-C4DC-19EB-ED34-EA9FF8321995</targetPk>
<identifying>false</identifying>
<optionalSource>false</optionalSource>
<optionalTarget>true</optionalTarget>
<sourceCardinality>*</sourceCardinality>
<sourceEntity>D16E8CE6-C98A-8925-90A4-DD9C7EB67C69</sourceEntity>
<targetCardinalityString>1</targetCardinalityString>
<targetEntity>43160438-739B-4940-9D8D-B46F2D59AC38</targetEntity>
<transferable>true</transferable>
<deleteRule>NO ACTION</deleteRule>
</Relation>