<?xml version = '1.0' encoding = 'UTF-8'?>
<Relation class="oracle.dbtools.crest.model.design.logical.Relation" name="Relation_6" directorySegmentName="seg_0" id="9868C3F8-C291-BC25-E045-415EF0EEE82D">
<createdBy>roph</createdBy>
<createdTime>2020-03-21 00:32:16 UTC</createdTime>
<ownerDesignName>Modelo Relacional</ownerDesignName>
<engineerTo>
<item key="5D5C9885-5823-B9F6-8904-D9ACAAA78EBD" value="true"/>
</engineerTo>
<targetPk>E9834224-4481-9582-50F4-E7E31C3D7C26</targetPk>
<identifying>false</identifying>
<optionalSource>false</optionalSource>
<optionalTarget>true</optionalTarget>
<sourceCardinality>*</sourceCardinality>
<sourceEntity>6123F911-50A7-3557-5AD1-9C829944D909</sourceEntity>
<targetCardinalityString>1</targetCardinalityString>
<targetEntity>D33B719B-F7B0-4244-14EB-833FEE0ED3D2</targetEntity>
<transferable>true</transferable>
<deleteRule>NO ACTION</deleteRule>
</Relation>