<?xml version = '1.0' encoding = 'UTF-8'?>
<Entity class="oracle.dbtools.crest.model.design.logical.Entity" directorySegmentName="seg_0" id="270C06C0-E1CF-59E2-4B24-6E6647895A43" name="Venda">
<createdBy>roph</createdBy>
<createdTime>2020-03-20 23:17:21 UTC</createdTime>
<ownerDesignName>ModeloLógico</ownerDesignName>
<engineerTo>
<item key="5D5C9885-5823-B9F6-8904-D9ACAAA78EBD" value="true"/>
</engineerTo>
<adequatelyNormalized>NO</adequatelyNormalized>
<expectedVolumes>0</expectedVolumes>
<fwdEngineeringStrategyName>Single Table</fwdEngineeringStrategyName>
<growthPercent>0</growthPercent>
<growthType>Year</growthType>
<maxVolumes>9999999</maxVolumes>
<minVolumes>0</minVolumes>
<normalForm>Third</normalForm>
<attributes itemClass="oracle.dbtools.crest.model.design.logical.Attribute">
<Attribute name="ID" id="B0009C94-FE64-152E-0209-D17B0A59BE74">
<createdBy>Particular</createdBy>
<createdTime>2020-05-06 21:45:56 UTC</createdTime>
<ownerDesignName>ModeloLógico</ownerDesignName>
<engineerTo>
<item key="5D5C9885-5823-B9F6-8904-D9ACAAA78EBD" value="true"/>
</engineerTo>
<use>0</use>
<ownDataTypeParameters>,,</ownDataTypeParameters>
</Attribute>
<Attribute name="Nota fiscal" id="3A113718-83B3-5180-45D1-FF894C01904D">
<createdBy>Particular</createdBy>
<createdTime>2020-04-07 22:07:46 UTC</createdTime>
<ownerDesignName>ModeloLógico</ownerDesignName>
<engineerTo>
<item key="5D5C9885-5823-B9F6-8904-D9ACAAA78EBD" value="true"/>
</engineerTo>
<use>0</use>
<ownDataTypeParameters>,,</ownDataTypeParameters>
</Attribute>
<Attribute name="Data" id="453EC7FD-6967-4FA0-3EE7-B2160DD05169">
<createdBy>Particular</createdBy>
<createdTime>2020-04-07 22:07:33 UTC</createdTime>
<ownerDesignName>ModeloLógico</ownerDesignName>
<engineerTo>
<item key="5D5C9885-5823-B9F6-8904-D9ACAAA78EBD" value="true"/>
</engineerTo>
<use>0</use>
<ownDataTypeParameters>,,</ownDataTypeParameters>
</Attribute>
<Attribute name="Hora" id="8287622A-31AD-86A1-638D-C3BFBEFA5D78">
<createdBy>roph</createdBy>
<createdTime>2020-04-11 02:21:26 UTC</createdTime>
<ownerDesignName>ModeloLógico</ownerDesignName>
<engineerTo>
<item key="5D5C9885-5823-B9F6-8904-D9ACAAA78EBD" value="true"/>
</engineerTo>
<use>0</use>
<ownDataTypeParameters>,,</ownDataTypeParameters>
</Attribute>
<Attribute name="Total" id="845C6038-6590-DEC3-46C7-71206AF97FDB">
<createdBy>Particular</createdBy>
<createdTime>2020-04-07 22:07:36 UTC</createdTime>
<ownerDesignName>ModeloLógico</ownerDesignName>
<engineerTo>
<item key="5D5C9885-5823-B9F6-8904-D9ACAAA78EBD" value="true"/>
</engineerTo>
<use>0</use>
<ownDataTypeParameters>,,</ownDataTypeParameters>
</Attribute>
<Attribute name="Forma de pagamento" id="77FCC87F-DC0C-3688-771F-1D6A250F6F1B">
<createdBy>Particular</createdBy>
<createdTime>2020-04-07 22:07:40 UTC</createdTime>
<ownerDesignName>ModeloLógico</ownerDesignName>
<engineerTo>
<item key="5D5C9885-5823-B9F6-8904-D9ACAAA78EBD" value="true"/>
</engineerTo>
<use>0</use>
<ownDataTypeParameters>,,</ownDataTypeParameters>
</Attribute>
<Attribute name="CPF" id="B9297A08-F2B6-E650-62E8-A5FB9412D851">
<createdBy>Particular</createdBy>
<createdTime>2020-05-06 21:44:06 UTC</createdTime>
<generatorID>A66B72EF-0147-C697-9904-E0B544F3C596</generatorID>
<ownerDesignName>ModeloLógico</ownerDesignName>
<engineerTo>
<item key="5D5C9885-5823-B9F6-8904-D9ACAAA78EBD" value="true"/>
</engineerTo>
<referedAttribute>B843B0B4-EB2A-024D-AB13-D9B5C9C77F48</referedAttribute>
<use>0</use>
<ownDataTypeParameters>,,</ownDataTypeParameters>
</Attribute>
<Attribute name="ID1" id="BF2B1917-9918-8D70-E679-D9C3CEAA1A0E">
<createdBy>roph</createdBy>
<createdTime>2020-05-08 13:50:44 UTC</createdTime>
<generatorID>4FD15CD5-9F6A-A70F-6287-869B30EFCE73</generatorID>
<ownerDesignName>ModeloLógico</ownerDesignName>
<engineerTo>
<item key="5D5C9885-5823-B9F6-8904-D9ACAAA78EBD" value="true"/>
</engineerTo>
<referedAttribute>32690D4C-DEC0-9E7C-BBE3-CE51F6FC5F36</referedAttribute>
<use>0</use>
<ownDataTypeParameters>,,</ownDataTypeParameters>
</Attribute>
</attributes>
<identifiers itemClass="oracle.dbtools.crest.model.design.logical.CandidateKey">
<identifier id="000D74DA-B5C8-0B2C-AA33-5367A296CEB4" name="Key_2">
<createdBy>Particular</createdBy>
<createdTime>2020-05-06 21:35:30 UTC</createdTime>
<ownerDesignName>ModeloLógico</ownerDesignName>
<engineerTo>
<item key="5D5C9885-5823-B9F6-8904-D9ACAAA78EBD" value="true"/>
</engineerTo>
<newElementsIDs>3A113718-83B3-5180-45D1-FF894C01904D</newElementsIDs>
<usedAttributes>
<attributeRef>3A113718-83B3-5180-45D1-FF894C01904D</attributeRef>
</usedAttributes>
</identifier>
<identifier id="294EE385-9060-E0C7-4052-EC5F6C0D0953" name="Venda PK">
<createdBy>Particular</createdBy>
<createdTime>2020-05-06 21:57:51 UTC</createdTime>
<ownerDesignName>ModeloLógico</ownerDesignName>
<engineerTo>
<item key="5D5C9885-5823-B9F6-8904-D9ACAAA78EBD" value="true"/>
</engineerTo>
<pk>true</pk>
<usedAttributes>
<attributeRef>B0009C94-FE64-152E-0209-D17B0A59BE74</attributeRef>
</usedAttributes>
</identifier>
</identifiers>
</Entity>