<?xml version = '1.0' encoding = 'UTF-8'?>
<Entity class="oracle.dbtools.crest.model.design.logical.Entity" directorySegmentName="seg_0" id="270C06C0-E1CF-59E2-4B24-6E6647895A43" name="Venda">
<createdBy>roph</createdBy>
<createdTime>2020-03-20 23:17:21 UTC</createdTime>
<ownerDesignName>ModeloLógico</ownerDesignName>
<engineerTo>
<item key="5D5C9885-5823-B9F6-8904-D9ACAAA78EBD" value="true"/>
</engineerTo>
<adequatelyNormalized>NO</adequatelyNormalized>
<expectedVolumes>0</expectedVolumes>
<fwdEngineeringStrategyName>Single Table</fwdEngineeringStrategyName>
<growthPercent>0</growthPercent>
<growthType>Year</growthType>
<maxVolumes>9999999</maxVolumes>
<minVolumes>0</minVolumes>
<normalForm>Third</normalForm>
<attributes itemClass="oracle.dbtools.crest.model.design.logical.Attribute">
<Attribute name="Data" id="453EC7FD-6967-4FA0-3EE7-B2160DD05169">
<createdBy>Particular</createdBy>
<createdTime>2020-04-07 22:07:33 UTC</createdTime>
<ownerDesignName>ModeloLógico</ownerDesignName>
<engineerTo>
<item key="5D5C9885-5823-B9F6-8904-D9ACAAA78EBD" value="true"/>
</engineerTo>
<use>0</use>
<ownDataTypeParameters>,,</ownDataTypeParameters>
</Attribute>
<Attribute name="Total" id="845C6038-6590-DEC3-46C7-71206AF97FDB">
<createdBy>Particular</createdBy>
<createdTime>2020-04-07 22:07:36 UTC</createdTime>
<ownerDesignName>ModeloLógico</ownerDesignName>
<engineerTo>
<item key="5D5C9885-5823-B9F6-8904-D9ACAAA78EBD" value="true"/>
</engineerTo>
<use>0</use>
<ownDataTypeParameters>,,</ownDataTypeParameters>
</Attribute>
<Attribute name="Forma de pagamento" id="77FCC87F-DC0C-3688-771F-1D6A250F6F1B">
<createdBy>Particular</createdBy>
<createdTime>2020-04-07 22:07:40 UTC</createdTime>
<ownerDesignName>ModeloLógico</ownerDesignName>
<engineerTo>
<item key="5D5C9885-5823-B9F6-8904-D9ACAAA78EBD" value="true"/>
</engineerTo>
<use>0</use>
<ownDataTypeParameters>,,</ownDataTypeParameters>
</Attribute>
<Attribute name="Nota fiscal" id="3A113718-83B3-5180-45D1-FF894C01904D">
<createdBy>Particular</createdBy>
<createdTime>2020-04-07 22:07:46 UTC</createdTime>
<ownerDesignName>ModeloLógico</ownerDesignName>
<engineerTo>
<item key="5D5C9885-5823-B9F6-8904-D9ACAAA78EBD" value="true"/>
</engineerTo>
<use>0</use>
<ownDataTypeParameters>,,</ownDataTypeParameters>
</Attribute>
<Attribute name="CPF" id="0B712981-DAEE-E934-84D8-814BC6ED3A97">
<createdBy>Particular</createdBy>
<createdTime>2020-04-07 22:09:23 UTC</createdTime>
<generatorID>A66B72EF-0147-C697-9904-E0B544F3C596</generatorID>
<ownerDesignName>ModeloLógico</ownerDesignName>
<engineerTo>
<item key="5D5C9885-5823-B9F6-8904-D9ACAAA78EBD" value="true"/>
</engineerTo>
<referedAttribute>B843B0B4-EB2A-024D-AB13-D9B5C9C77F48</referedAttribute>
<use>0</use>
<ownDataTypeParameters>,,</ownDataTypeParameters>
</Attribute>
<Attribute name="Matrícula" id="771EFB4E-35FF-7FEB-7166-B5D109AD0DDC">
<createdBy>roph</createdBy>
<createdTime>2020-04-11 02:07:13 UTC</createdTime>
<generatorID>4FD15CD5-9F6A-A70F-6287-869B30EFCE73</generatorID>
<ownerDesignName>ModeloLógico</ownerDesignName>
<engineerTo>
<item key="5D5C9885-5823-B9F6-8904-D9ACAAA78EBD" value="true"/>
</engineerTo>
<referedAttribute>36BE5F3D-3AA6-1C9E-0648-F08F2443AD46</referedAttribute>
<use>0</use>
<ownDataTypeParameters>,,</ownDataTypeParameters>
</Attribute>
<Attribute name="Hora" id="8287622A-31AD-86A1-638D-C3BFBEFA5D78">
<createdBy>roph</createdBy>
<createdTime>2020-04-11 02:21:26 UTC</createdTime>
<ownerDesignName>ModeloLógico</ownerDesignName>
<engineerTo>
<item key="5D5C9885-5823-B9F6-8904-D9ACAAA78EBD" value="true"/>
</engineerTo>
<nullsAllowed>true</nullsAllowed>
<use>0</use>
<ownDataTypeParameters>,,</ownDataTypeParameters>
</Attribute>
</attributes>
<identifiers itemClass="oracle.dbtools.crest.model.design.logical.CandidateKey">
<identifier id="A6F4DAE9-503A-0CD0-56F6-A6F34084B1FF" name="Venda PK">
<createdBy>Particular</createdBy>
<createdTime>2020-04-07 22:07:52 UTC</createdTime>
<ownerDesignName>ModeloLógico</ownerDesignName>
<engineerTo>
<item key="5D5C9885-5823-B9F6-8904-D9ACAAA78EBD" value="true"/>
</engineerTo>
<pk>true</pk>
<usedAttributes>
<attributeRef>3A113718-83B3-5180-45D1-FF894C01904D</attributeRef>
</usedAttributes>
</identifier>
</identifiers>
</Entity>