<?xml version = '1.0' encoding = 'UTF-8'?>
<Entity class="oracle.dbtools.crest.model.design.logical.Entity" directorySegmentName="seg_0" id="4F708A07-1405-60E7-F57C-0A9220D78E3A" name="Vendedor">
<createdBy>roph</createdBy>
<createdTime>2020-03-21 00:20:11 UTC</createdTime>
<ownerDesignName>ModeloLógico</ownerDesignName>
<engineerTo>
<item key="5D5C9885-5823-B9F6-8904-D9ACAAA78EBD" value="true"/>
</engineerTo>
<adequatelyNormalized>NO</adequatelyNormalized>
<expectedVolumes>0</expectedVolumes>
<fwdEngineeringStrategyName>Single Table</fwdEngineeringStrategyName>
<growthPercent>0</growthPercent>
<growthType>Year</growthType>
<hierarchicalParent>FF56AA8F-8DEA-57CC-DEDB-8ABF532F4DE6</hierarchicalParent>
<maxVolumes>9999999</maxVolumes>
<minVolumes>0</minVolumes>
<normalForm>Third</normalForm>
<attributes itemClass="oracle.dbtools.crest.model.design.logical.Attribute">
<Attribute name="Nome" id="17250047-F787-8F33-0E5F-4E6217A73B74">
<createdBy>Particular</createdBy>
<createdTime>2020-04-07 22:08:36 UTC</createdTime>
<ownerDesignName>ModeloLógico</ownerDesignName>
<engineerTo>
<item key="5D5C9885-5823-B9F6-8904-D9ACAAA78EBD" value="true"/>
</engineerTo>
<use>0</use>
<ownDataTypeParameters>,,</ownDataTypeParameters>
</Attribute>
</attributes>
</Entity>