<?xml version = '1.0' encoding = 'UTF-8'?>
<Entity class="oracle.dbtools.crest.model.design.logical.Entity" directorySegmentName="seg_0" id="6123F911-50A7-3557-5AD1-9C829944D909" name="Item">
<createdBy>roph</createdBy>
<createdTime>2020-03-21 00:16:43 UTC</createdTime>
<ownerDesignName>ModeloLógico</ownerDesignName>
<engineerTo>
<item key="5D5C9885-5823-B9F6-8904-D9ACAAA78EBD" value="true"/>
</engineerTo>
<adequatelyNormalized>NO</adequatelyNormalized>
<expectedVolumes>0</expectedVolumes>
<fwdEngineeringStrategyName>Single Table</fwdEngineeringStrategyName>
<growthPercent>0</growthPercent>
<growthType>Year</growthType>
<maxVolumes>9999999</maxVolumes>
<minVolumes>0</minVolumes>
<normalForm>Third</normalForm>
<attributes itemClass="oracle.dbtools.crest.model.design.logical.Attribute">
<Attribute name="Quantidade" id="21419B3B-9555-FD80-9186-30808A05DEAC">
<createdBy>Particular</createdBy>
<createdTime>2020-04-07 22:07:21 UTC</createdTime>
<ownerDesignName>ModeloLógico</ownerDesignName>
<engineerTo>
<item key="5D5C9885-5823-B9F6-8904-D9ACAAA78EBD" value="true"/>
</engineerTo>
<use>0</use>
<ownDataTypeParameters>,,</ownDataTypeParameters>
</Attribute>
<Attribute name="ID" id="7F208E2F-C88E-997C-A201-17B4E339E6CE">
<createdBy>Particular</createdBy>
<createdTime>2020-04-07 22:07:26 UTC</createdTime>
<ownerDesignName>ModeloLógico</ownerDesignName>
<engineerTo>
<item key="5D5C9885-5823-B9F6-8904-D9ACAAA78EBD" value="true"/>
</engineerTo>
<use>0</use>
<ownDataTypeParameters>,,</ownDataTypeParameters>
</Attribute>
<Attribute name="Nota fiscal" id="C271D11D-DFD4-E7F4-BE1B-C8D6ED477EC3">
<createdBy>Particular</createdBy>
<createdTime>2020-04-07 22:07:52 UTC</createdTime>
<generatorID>DAF2849F-8195-22AC-3120-3E963E2CE822</generatorID>
<ownerDesignName>ModeloLógico</ownerDesignName>
<engineerTo>
<item key="5D5C9885-5823-B9F6-8904-D9ACAAA78EBD" value="true"/>
</engineerTo>
<referedAttribute>3A113718-83B3-5180-45D1-FF894C01904D</referedAttribute>
<use>0</use>
<ownDataTypeParameters>,,</ownDataTypeParameters>
</Attribute>
<Attribute name="Marca" id="ED3651EF-76D8-E5F0-467B-F0DF68DA5759">
<createdBy>roph</createdBy>
<createdTime>2020-04-11 02:24:10 UTC</createdTime>
<generatorID>9868C3F8-C291-BC25-E045-415EF0EEE82D</generatorID>
<ownerDesignName>ModeloLógico</ownerDesignName>
<engineerTo>
<item key="5D5C9885-5823-B9F6-8904-D9ACAAA78EBD" value="true"/>
</engineerTo>
<referedAttribute>4EDE977B-00E1-4FEF-B171-B5AC64F9E7F0</referedAttribute>
<use>0</use>
<ownDataTypeParameters>,,</ownDataTypeParameters>
</Attribute>
<Attribute name="Modelo" id="065BCE5B-96FD-B41B-5F17-A81573F246DA">
<createdBy>roph</createdBy>
<createdTime>2020-04-11 02:24:10 UTC</createdTime>
<generatorID>9868C3F8-C291-BC25-E045-415EF0EEE82D</generatorID>
<ownerDesignName>ModeloLógico</ownerDesignName>
<engineerTo>
<item key="5D5C9885-5823-B9F6-8904-D9ACAAA78EBD" value="true"/>
</engineerTo>
<referedAttribute>6B2EF6A0-71DC-3561-109D-78A486D575E0</referedAttribute>
<use>0</use>
<ownDataTypeParameters>,,</ownDataTypeParameters>
</Attribute>
</attributes>
<identifiers itemClass="oracle.dbtools.crest.model.design.logical.CandidateKey">
<identifier id="899366B8-75C6-9739-ABCD-97DD4146EFF2" name="Item PK">
<createdBy>Particular</createdBy>
<createdTime>2020-04-07 22:07:27 UTC</createdTime>
<ownerDesignName>ModeloLógico</ownerDesignName>
<engineerTo>
<item key="5D5C9885-5823-B9F6-8904-D9ACAAA78EBD" value="true"/>
</engineerTo>
<pk>true</pk>
<usedAttributes>
<attributeRef>7F208E2F-C88E-997C-A201-17B4E339E6CE</attributeRef>
</usedAttributes>
</identifier>
</identifiers>
</Entity>