<?xml version = '1.0' encoding = 'UTF-8'?>
<Entity class="oracle.dbtools.crest.model.design.logical.Entity" directorySegmentName="seg_0" id="D16E8CE6-C98A-8925-90A4-DD9C7EB67C69" name="Atendimento">
<createdBy>roph</createdBy>
<createdTime>2020-03-21 00:24:16 UTC</createdTime>
<ownerDesignName>ModeloLógico</ownerDesignName>
<engineerTo>
<item key="5D5C9885-5823-B9F6-8904-D9ACAAA78EBD" value="true"/>
</engineerTo>
<adequatelyNormalized>NO</adequatelyNormalized>
<expectedVolumes>0</expectedVolumes>
<fwdEngineeringStrategyName>Single Table</fwdEngineeringStrategyName>
<growthPercent>0</growthPercent>
<growthType>Year</growthType>
<maxVolumes>9999999</maxVolumes>
<minVolumes>0</minVolumes>
<normalForm>Third</normalForm>
<attributes itemClass="oracle.dbtools.crest.model.design.logical.Attribute">
<Attribute name="CPF" id="24BABEB3-39C9-471C-DB76-BBA48BE4C8C0">
<createdBy>Particular</createdBy>
<createdTime>2020-04-07 22:09:23 UTC</createdTime>
<generatorID>BA6EB13A-8DFB-9579-F9E3-7E882A27FB0C</generatorID>
<ownerDesignName>ModeloLógico</ownerDesignName>
<engineerTo>
<item key="5D5C9885-5823-B9F6-8904-D9ACAAA78EBD" value="true"/>
</engineerTo>
<referedAttribute>B843B0B4-EB2A-024D-AB13-D9B5C9C77F48</referedAttribute>
<use>0</use>
<ownDataTypeParameters>,,</ownDataTypeParameters>
</Attribute>
<Attribute name="Data" id="5153CE9C-9922-0F56-E80C-863B13069796">
<createdBy>Particular</createdBy>
<createdTime>2020-04-07 22:09:31 UTC</createdTime>
<ownerDesignName>ModeloLógico</ownerDesignName>
<engineerTo>
<item key="5D5C9885-5823-B9F6-8904-D9ACAAA78EBD" value="true"/>
</engineerTo>
<use>0</use>
<ownDataTypeParameters>,,</ownDataTypeParameters>
</Attribute>
<Attribute name="Motivo" id="FAA1FE5F-89E9-8532-38E1-D8CC04C84BE7">
<createdBy>Particular</createdBy>
<createdTime>2020-04-07 22:09:34 UTC</createdTime>
<ownerDesignName>ModeloLógico</ownerDesignName>
<engineerTo>
<item key="5D5C9885-5823-B9F6-8904-D9ACAAA78EBD" value="true"/>
</engineerTo>
<use>0</use>
<ownDataTypeParameters>,,</ownDataTypeParameters>
</Attribute>
<Attribute name="Protocolo" id="2DBC7387-6D13-9EED-F873-F56CFE0F7EEC">
<createdBy>Particular</createdBy>
<createdTime>2020-04-07 22:09:38 UTC</createdTime>
<ownerDesignName>ModeloLógico</ownerDesignName>
<engineerTo>
<item key="5D5C9885-5823-B9F6-8904-D9ACAAA78EBD" value="true"/>
</engineerTo>
<use>0</use>
<ownDataTypeParameters>,,</ownDataTypeParameters>
</Attribute>
<Attribute name="Matrícula" id="0D48A153-44FF-1FB9-24D1-20BF730DF629">
<createdBy>roph</createdBy>
<createdTime>2020-04-11 02:07:13 UTC</createdTime>
<generatorID>FF14A075-05E9-EB5A-B3F7-992F766930B1</generatorID>
<ownerDesignName>ModeloLógico</ownerDesignName>
<engineerTo>
<item key="5D5C9885-5823-B9F6-8904-D9ACAAA78EBD" value="true"/>
</engineerTo>
<referedAttribute>36BE5F3D-3AA6-1C9E-0648-F08F2443AD46</referedAttribute>
<use>0</use>
<ownDataTypeParameters>,,</ownDataTypeParameters>
</Attribute>
<Attribute name="Hora" id="B4C10F91-3713-E9EE-4944-E45CE2B4AAAA">
<createdBy>roph</createdBy>
<createdTime>2020-04-11 02:21:42 UTC</createdTime>
<ownerDesignName>ModeloLógico</ownerDesignName>
<engineerTo>
<item key="5D5C9885-5823-B9F6-8904-D9ACAAA78EBD" value="true"/>
</engineerTo>
<nullsAllowed>true</nullsAllowed>
<use>0</use>
<ownDataTypeParameters>,,</ownDataTypeParameters>
</Attribute>
</attributes>
<identifiers itemClass="oracle.dbtools.crest.model.design.logical.CandidateKey">
<identifier id="266C295B-F6B6-8A3F-E735-FB0B47EB2831" name="Atendimento PK">
<createdBy>Particular</createdBy>
<createdTime>2020-04-07 22:09:41 UTC</createdTime>
<ownerDesignName>ModeloLógico</ownerDesignName>
<engineerTo>
<item key="5D5C9885-5823-B9F6-8904-D9ACAAA78EBD" value="true"/>
</engineerTo>
<pk>true</pk>
<usedAttributes>
<attributeRef>2DBC7387-6D13-9EED-F873-F56CFE0F7EEC</attributeRef>
</usedAttributes>
</identifier>
</identifiers>
</Entity>