<?xml version = '1.0' encoding = 'UTF-8'?>
<Entity class="oracle.dbtools.crest.model.design.logical.Entity" directorySegmentName="seg_0" id="D33B719B-F7B0-4244-14EB-833FEE0ED3D2" name="Produto">
<createdBy>roph</createdBy>
<createdTime>2020-03-21 00:28:25 UTC</createdTime>
<ownerDesignName>ModeloLógico</ownerDesignName>
<engineerTo>
<item key="5D5C9885-5823-B9F6-8904-D9ACAAA78EBD" value="true"/>
</engineerTo>
<adequatelyNormalized>NO</adequatelyNormalized>
<expectedVolumes>0</expectedVolumes>
<fwdEngineeringStrategyName>Single Table</fwdEngineeringStrategyName>
<growthPercent>0</growthPercent>
<growthType>Year</growthType>
<maxVolumes>9999999</maxVolumes>
<minVolumes>0</minVolumes>
<normalForm>Third</normalForm>
<attributes itemClass="oracle.dbtools.crest.model.design.logical.Attribute">
<Attribute name="Marca" id="4EDE977B-00E1-4FEF-B171-B5AC64F9E7F0">
<createdBy>Particular</createdBy>
<createdTime>2020-04-07 22:06:58 UTC</createdTime>
<ownerDesignName>ModeloLógico</ownerDesignName>
<engineerTo>
<item key="5D5C9885-5823-B9F6-8904-D9ACAAA78EBD" value="true"/>
</engineerTo>
<use>0</use>
<ownDataTypeParameters>,,</ownDataTypeParameters>
</Attribute>
<Attribute name="Modelo" id="6B2EF6A0-71DC-3561-109D-78A486D575E0">
<createdBy>Particular</createdBy>
<createdTime>2020-04-07 22:07:03 UTC</createdTime>
<ownerDesignName>ModeloLógico</ownerDesignName>
<engineerTo>
<item key="5D5C9885-5823-B9F6-8904-D9ACAAA78EBD" value="true"/>
</engineerTo>
<use>0</use>
<ownDataTypeParameters>,,</ownDataTypeParameters>
</Attribute>
<Attribute name="Valor" id="6908D576-6124-2C7E-6554-1143478E8500">
<createdBy>Particular</createdBy>
<createdTime>2020-04-07 22:07:07 UTC</createdTime>
<ownerDesignName>ModeloLógico</ownerDesignName>
<engineerTo>
<item key="5D5C9885-5823-B9F6-8904-D9ACAAA78EBD" value="true"/>
</engineerTo>
<use>0</use>
<ownDataTypeParameters>,,</ownDataTypeParameters>
</Attribute>
<Attribute name="Quantidade" id="6BF6377A-1032-123E-8303-2A030BE4880B">
<createdBy>Particular</createdBy>
<createdTime>2020-04-07 22:07:12 UTC</createdTime>
<ownerDesignName>ModeloLógico</ownerDesignName>
<engineerTo>
<item key="5D5C9885-5823-B9F6-8904-D9ACAAA78EBD" value="true"/>
</engineerTo>
<use>0</use>
<ownDataTypeParameters>,,</ownDataTypeParameters>
</Attribute>
</attributes>
<identifiers itemClass="oracle.dbtools.crest.model.design.logical.CandidateKey">
<identifier id="61E27525-2784-0A74-319A-DD9FA8A6DA04" name="Produto PK">
<createdBy>roph</createdBy>
<createdTime>2020-04-11 02:24:01 UTC</createdTime>
<ownerDesignName>ModeloLógico</ownerDesignName>
<engineerTo>
<item key="5D5C9885-5823-B9F6-8904-D9ACAAA78EBD" value="true"/>
</engineerTo>
<pk>true</pk>
<usedAttributes>
<attributeRef>4EDE977B-00E1-4FEF-B171-B5AC64F9E7F0</attributeRef>
<attributeRef>6B2EF6A0-71DC-3561-109D-78A486D575E0</attributeRef>
</usedAttributes>
</identifier>
</identifiers>
</Entity>