<?xml version = '1.0' encoding = 'UTF-8'?>
<Entity class="oracle.dbtools.crest.model.design.logical.Entity" directorySegmentName="seg_0" id="FF56AA8F-8DEA-57CC-DEDB-8ABF532F4DE6" name="Funcionario">
<createdBy>roph</createdBy>
<createdTime>2020-03-21 00:15:40 UTC</createdTime>
<ownerDesignName>ModeloLógico</ownerDesignName>
<shouldEngineer>false</shouldEngineer>
<engineerTo>
<item key="5D5C9885-5823-B9F6-8904-D9ACAAA78EBD" value="false"/>
</engineerTo>
<adequatelyNormalized>NO</adequatelyNormalized>
<expectedVolumes>0</expectedVolumes>
<fwdEngineeringStrategyName>Single Table</fwdEngineeringStrategyName>
<growthPercent>0</growthPercent>
<growthType>Year</growthType>
<maxVolumes>9999999</maxVolumes>
<minVolumes>0</minVolumes>
<normalForm>Third</normalForm>
<attributeInherType>All atributes</attributeInherType>
<attributes itemClass="oracle.dbtools.crest.model.design.logical.Attribute">
<Attribute name="Matrícula" id="36BE5F3D-3AA6-1C9E-0648-F08F2443AD46">
<createdBy>Particular</createdBy>
<createdTime>2020-04-07 22:08:02 UTC</createdTime>
<ownerDesignName>ModeloLógico</ownerDesignName>
<engineerTo>
<item key="5D5C9885-5823-B9F6-8904-D9ACAAA78EBD" value="true"/>
</engineerTo>
<use>0</use>
<ownDataTypeParameters>,,</ownDataTypeParameters>
</Attribute>
<Attribute name="CPF" id="C29DF7C2-236B-66FC-DA4A-720636E34B75">
<createdBy>Particular</createdBy>
<createdTime>2020-04-07 22:07:59 UTC</createdTime>
<ownerDesignName>ModeloLógico</ownerDesignName>
<engineerTo>
<item key="5D5C9885-5823-B9F6-8904-D9ACAAA78EBD" value="true"/>
</engineerTo>
<use>0</use>
<ownDataTypeParameters>,,</ownDataTypeParameters>
</Attribute>
<Attribute name="Número da carteira de trabalho" id="B1ED74F6-CCC5-68D1-7926-F4C989F9C562">
<createdBy>Particular</createdBy>
<createdTime>2020-04-07 22:08:22 UTC</createdTime>
<ownerDesignName>ModeloLógico</ownerDesignName>
<engineerTo>
<item key="5D5C9885-5823-B9F6-8904-D9ACAAA78EBD" value="true"/>
</engineerTo>
<use>0</use>
<ownDataTypeParameters>,,</ownDataTypeParameters>
</Attribute>
<Attribute name="Endereço" id="EFBBE7F3-452B-BB32-7E32-4BF1F6BD660C">
<createdBy>Particular</createdBy>
<createdTime>2020-04-07 22:37:05 UTC</createdTime>
<ownerDesignName>ModeloLógico</ownerDesignName>
<engineerTo>
<item key="5D5C9885-5823-B9F6-8904-D9ACAAA78EBD" value="true"/>
</engineerTo>
<use>0</use>
<ownDataTypeParameters>,,</ownDataTypeParameters>
</Attribute>
<Attribute name="CarteiraDeTrabalho" id="04899C52-EA5B-9EBF-E069-CAB0510CCA00">
<createdBy>roph</createdBy>
<createdTime>2020-04-11 02:18:00 UTC</createdTime>
<ownerDesignName>ModeloLógico</ownerDesignName>
<engineerTo>
<item key="5D5C9885-5823-B9F6-8904-D9ACAAA78EBD" value="true"/>
</engineerTo>
<nullsAllowed>true</nullsAllowed>
<use>0</use>
<ownDataTypeParameters>,,</ownDataTypeParameters>
</Attribute>
<Attribute name="Faltas" id="33826F72-1A16-AF69-B91D-0B2508B64BB3">
<createdBy>roph</createdBy>
<createdTime>2020-04-11 02:18:58 UTC</createdTime>
<ownerDesignName>ModeloLógico</ownerDesignName>
<engineerTo>
<item key="5D5C9885-5823-B9F6-8904-D9ACAAA78EBD" value="true"/>
</engineerTo>
<nullsAllowed>true</nullsAllowed>
<use>0</use>
<ownDataTypeParameters>,,</ownDataTypeParameters>
</Attribute>
<Attribute name="Advertências" id="38ACA7D7-1AD0-A4E9-C1D6-722DDB27EF42">
<createdBy>roph</createdBy>
<createdTime>2020-04-11 02:19:01 UTC</createdTime>
<ownerDesignName>ModeloLógico</ownerDesignName>
<engineerTo>
<item key="5D5C9885-5823-B9F6-8904-D9ACAAA78EBD" value="true"/>
</engineerTo>
<nullsAllowed>true</nullsAllowed>
<use>0</use>
<ownDataTypeParameters>,,</ownDataTypeParameters>
</Attribute>
<Attribute name="Férias" id="1D34AA7F-DACC-B56E-37B2-796D27281847">
<createdBy>roph</createdBy>
<createdTime>2020-04-11 02:19:58 UTC</createdTime>
<ownerDesignName>ModeloLógico</ownerDesignName>
<engineerTo>
<item key="5D5C9885-5823-B9F6-8904-D9ACAAA78EBD" value="true"/>
</engineerTo>
<nullsAllowed>true</nullsAllowed>
<use>0</use>
<ownDataTypeParameters>,,</ownDataTypeParameters>
</Attribute>
<Attribute name="E-mail" id="99D0F804-0F07-9B5A-BFC4-DB4FA7493676">
<createdBy>roph</createdBy>
<createdTime>2020-04-11 02:26:00 UTC</createdTime>
<ownerDesignName>ModeloLógico</ownerDesignName>
<engineerTo>
<item key="5D5C9885-5823-B9F6-8904-D9ACAAA78EBD" value="true"/>
</engineerTo>
<nullsAllowed>true</nullsAllowed>
<use>0</use>
<ownDataTypeParameters>,,</ownDataTypeParameters>
</Attribute>
</attributes>
<identifiers itemClass="oracle.dbtools.crest.model.design.logical.CandidateKey">
<identifier id="89445D1A-C4DC-19EB-ED34-EA9FF8321995" name="Funcionario PK">
<createdBy>Particular</createdBy>
<createdTime>2020-04-07 22:08:01 UTC</createdTime>
<ownerDesignName>ModeloLógico</ownerDesignName>
<engineerTo>
<item key="5D5C9885-5823-B9F6-8904-D9ACAAA78EBD" value="true"/>
</engineerTo>
<pk>true</pk>
<usedAttributes>
<attributeRef>36BE5F3D-3AA6-1C9E-0648-F08F2443AD46</attributeRef>
</usedAttributes>
</identifier>
</identifiers>
</Entity>