<?xml version = '1.0' encoding = 'UTF-8'?>
<Entity class="oracle.dbtools.crest.model.design.logical.Entity" directorySegmentName="seg_0" id="FF56AA8F-8DEA-57CC-DEDB-8ABF532F4DE6" name="Funcionario">
<createdBy>roph</createdBy>
<createdTime>2020-03-21 00:15:40 UTC</createdTime>
<ownerDesignName>ModeloLógico</ownerDesignName>
<shouldEngineer>false</shouldEngineer>
<engineerTo>
<item key="5D5C9885-5823-B9F6-8904-D9ACAAA78EBD" value="false"/>
</engineerTo>
<adequatelyNormalized>NO</adequatelyNormalized>
<expectedVolumes>0</expectedVolumes>
<fwdEngineeringStrategyName>Single Table</fwdEngineeringStrategyName>
<growthPercent>0</growthPercent>
<growthType>Year</growthType>
<maxVolumes>9999999</maxVolumes>
<minVolumes>0</minVolumes>
<normalForm>Third</normalForm>
<attributeInherType>All atributes</attributeInherType>
<attributes itemClass="oracle.dbtools.crest.model.design.logical.Attribute">
<Attribute name="ID" id="32690D4C-DEC0-9E7C-BBE3-CE51F6FC5F36">
<createdBy>Particular</createdBy>
<createdTime>2020-05-06 21:57:17 UTC</createdTime>
<ownerDesignName>ModeloLógico</ownerDesignName>
<engineerTo>
<item key="5D5C9885-5823-B9F6-8904-D9ACAAA78EBD" value="true"/>
</engineerTo>
<use>0</use>
<ownDataTypeParameters>,,</ownDataTypeParameters>
</Attribute>
<Attribute name="Matrícula" id="36BE5F3D-3AA6-1C9E-0648-F08F2443AD46">
<createdBy>Particular</createdBy>
<createdTime>2020-04-07 22:08:02 UTC</createdTime>
<ownerDesignName>ModeloLógico</ownerDesignName>
<engineerTo>
<item key="5D5C9885-5823-B9F6-8904-D9ACAAA78EBD" value="true"/>
</engineerTo>
<use>0</use>
<ownDataTypeParameters>,,</ownDataTypeParameters>
</Attribute>
<Attribute name="CPF" id="C29DF7C2-236B-66FC-DA4A-720636E34B75">
<createdBy>Particular</createdBy>
<createdTime>2020-04-07 22:07:59 UTC</createdTime>
<ownerDesignName>ModeloLógico</ownerDesignName>
<engineerTo>
<item key="5D5C9885-5823-B9F6-8904-D9ACAAA78EBD" value="true"/>
</engineerTo>
<use>0</use>
<ownDataTypeParameters>,,</ownDataTypeParameters>
</Attribute>
<Attribute name="Carteira deTrabalho" id="04899C52-EA5B-9EBF-E069-CAB0510CCA00">
<createdBy>roph</createdBy>
<createdTime>2020-04-11 02:18:00 UTC</createdTime>
<ownerDesignName>ModeloLógico</ownerDesignName>
<engineerTo>
<item key="5D5C9885-5823-B9F6-8904-D9ACAAA78EBD" value="true"/>
</engineerTo>
<use>0</use>
<ownDataTypeParameters>,,</ownDataTypeParameters>
</Attribute>
<Attribute name="Telefone" id="1D34AA7F-DACC-B56E-37B2-796D27281847">
<createdBy>roph</createdBy>
<createdTime>2020-04-11 02:19:58 UTC</createdTime>
<ownerDesignName>ModeloLógico</ownerDesignName>
<engineerTo>
<item key="5D5C9885-5823-B9F6-8904-D9ACAAA78EBD" value="true"/>
</engineerTo>
<use>0</use>
<ownDataTypeParameters>,,</ownDataTypeParameters>
</Attribute>
<Attribute name="Telefone2" id="342700E7-4711-0942-68EC-5BF3E5653CC7">
<createdBy>roph</createdBy>
<createdTime>2020-05-08 15:33:33 UTC</createdTime>
<ownerDesignName>ModeloLógico</ownerDesignName>
<engineerTo>
<item key="5D5C9885-5823-B9F6-8904-D9ACAAA78EBD" value="true"/>
</engineerTo>
<nullsAllowed>true</nullsAllowed>
<use>0</use>
<ownDataTypeParameters>,,</ownDataTypeParameters>
</Attribute>
<Attribute name="E-mail" id="99D0F804-0F07-9B5A-BFC4-DB4FA7493676">
<createdBy>roph</createdBy>
<createdTime>2020-04-11 02:26:00 UTC</createdTime>
<ownerDesignName>ModeloLógico</ownerDesignName>
<engineerTo>
<item key="5D5C9885-5823-B9F6-8904-D9ACAAA78EBD" value="true"/>
</engineerTo>
<nullsAllowed>true</nullsAllowed>
<use>0</use>
<ownDataTypeParameters>,,</ownDataTypeParameters>
</Attribute>
<Attribute name="ID1" id="891E6F11-F53F-FA21-85F8-16AEA7FE6D2C">
<createdBy>Particular</createdBy>
<createdTime>2020-05-06 22:21:47 UTC</createdTime>
<generatorID>CD495D82-AB63-AC46-AB25-743DF1A6720A</generatorID>
<ownerDesignName>ModeloLógico</ownerDesignName>
<engineerTo>
<item key="5D5C9885-5823-B9F6-8904-D9ACAAA78EBD" value="true"/>
</engineerTo>
<referedAttribute>902252B8-DE70-D04A-0692-47F10EFC23DF</referedAttribute>
<use>0</use>
<ownDataTypeParameters>,,</ownDataTypeParameters>
</Attribute>
</attributes>
<identifiers itemClass="oracle.dbtools.crest.model.design.logical.CandidateKey">
<identifier id="59FD3461-C917-390B-172F-91A2647F85AD" name="Key_1">
<createdBy>Particular</createdBy>
<createdTime>2020-05-06 21:56:02 UTC</createdTime>
<ownerDesignName>ModeloLógico</ownerDesignName>
<engineerTo>
<item key="5D5C9885-5823-B9F6-8904-D9ACAAA78EBD" value="true"/>
</engineerTo>
<newElementsIDs>36BE5F3D-3AA6-1C9E-0648-F08F2443AD46</newElementsIDs>
<usedAttributes>
<attributeRef>36BE5F3D-3AA6-1C9E-0648-F08F2443AD46</attributeRef>
</usedAttributes>
</identifier>
<identifier id="11FEC94A-6832-4FB1-E51E-9C1130D769D9" name="Funcionario PK">
<createdBy>Particular</createdBy>
<createdTime>2020-05-06 22:09:46 UTC</createdTime>
<ownerDesignName>ModeloLógico</ownerDesignName>
<engineerTo>
<item key="5D5C9885-5823-B9F6-8904-D9ACAAA78EBD" value="true"/>
</engineerTo>
<pk>true</pk>
<usedAttributes>
<attributeRef>32690D4C-DEC0-9E7C-BBE3-CE51F6FC5F36</attributeRef>
</usedAttributes>
</identifier>
</identifiers>
</Entity>