<?xml version = '1.0' encoding = 'UTF-8'?>
<InheritanceRelation class="oracle.dbtools.crest.model.design.logical.InheritanceRelation" name="Hierarchy_3" directorySegmentName="seg_0" id="F390B907-35CE-E3B0-91D4-2D4FE3185460">
<createdBy>roph</createdBy>
<createdTime>2020-03-21 00:23:00 UTC</createdTime>
<ownerDesignName>LojaModeloConceitual</ownerDesignName>
<engineerTo>
<item key="5D5C9885-5823-B9F6-8904-D9ACAAA78EBD" value="true"/>
</engineerTo>
<identifying>false</identifying>
<nameOnSource>Super Type</nameOnSource>
<nameOnTarget>Sub Type</nameOnTarget>
<optionalSource>true</optionalSource>
<optionalTarget>true</optionalTarget>
<sourceEntity>FF56AA8F-8DEA-57CC-DEDB-8ABF532F4DE6</sourceEntity>
<targetEntity>43160438-739B-4940-9D8D-B46F2D59AC38</targetEntity>
<transferable>true</transferable>
<deleteRule>NO ACTION</deleteRule>
</InheritanceRelation>