<?xml version = '1.0' encoding = 'UTF-8'?>
<Diagram class="oracle.dbtools.crest.swingui.logical.DPVLogical" name="Logical" id="7257D029-5404-FE3E-AF1D-692EE80A1AAD">
<createdBy>roph</createdBy>
<modifiedBy>roph</modifiedBy>
<createdTime>2020-03-20 22:21:23 UTC</createdTime>
<autoRoute>false</autoRoute>
<boxInbox>true</boxInbox>
<showLegend>false</showLegend>
<showLabels>false</showLabels>
<showRelAttributes>false</showRelAttributes>
<gridEnabled>false</gridEnabled>
<showGrid>false</showGrid>
<diagramColor>-1</diagramColor>
<display>false</display>
<notation>1</notation>
<objectViews>
<OView class="oracle.dbtools.crest.swingui.logical.TVEntity" oid="270C06C0-E1CF-59E2-4B24-6E6647895A43" otype="Entity" vid="E7264EA5-4F7F-02F0-7C32-25BADD4CAA66">
<hideElementsInCurrentOnly>false</hideElementsInCurrentOnly>
<bounds x="543" y="325" width="135" height="92"/>
</OView>
<OView class="oracle.dbtools.crest.swingui.logical.TVEntity" oid="2A284F69-406F-C088-812D-8E7D995ECBCA" otype="Entity" vid="8FD599C2-8D46-AFD0-6901-87100B783884">
<hideElementsInCurrentOnly>false</hideElementsInCurrentOnly>
<bounds x="108" y="305" width="170" height="253"/>
</OView>
<OView class="oracle.dbtools.crest.swingui.logical.TVEntity" oid="43160438-739B-4940-9D8D-B46F2D59AC38" otype="Entity" vid="F0C475A3-755D-21D1-E2BC-7DA577BF5077">
<hideElementsInCurrentOnly>false</hideElementsInCurrentOnly>
<bounds x="1022" y="453" width="170" height="110"/>
</OView>
<OView class="oracle.dbtools.crest.swingui.logical.TVEntity" oid="4F708A07-1405-60E7-F57C-0A9220D78E3A" otype="Entity" vid="C844742F-39D7-421B-AF2C-002412BAF4C6">
<hideElementsInCurrentOnly>false</hideElementsInCurrentOnly>
<bounds x="1023" y="311" width="170" height="110"/>
</OView>
<OView class="oracle.dbtools.crest.swingui.logical.TVEntity" oid="6123F911-50A7-3557-5AD1-9C829944D909" otype="Entity" vid="2F4A3207-5148-0B60-5789-85A5EAABA8A0">
<hideElementsInCurrentOnly>false</hideElementsInCurrentOnly>
<bounds x="548" y="157" width="116" height="79"/>
</OView>
<OView class="oracle.dbtools.crest.swingui.logical.TVEntity" oid="D16E8CE6-C98A-8925-90A4-DD9C7EB67C69" otype="Entity" vid="863C0F48-EBEE-F3BA-2C89-7CFF31B193E0">
<hideElementsInCurrentOnly>false</hideElementsInCurrentOnly>
<bounds x="546" y="462" width="131" height="86"/>
</OView>
<OView class="oracle.dbtools.crest.swingui.logical.TVEntity" oid="D33B719B-F7B0-4244-14EB-833FEE0ED3D2" otype="Entity" vid="81F59085-1935-F340-C7E3-92D28AE66BE6">
<hideElementsInCurrentOnly>false</hideElementsInCurrentOnly>
<bounds x="768" y="142" width="170" height="110"/>
</OView>
<OView class="oracle.dbtools.crest.swingui.logical.TVEntity" oid="FF56AA8F-8DEA-57CC-DEDB-8ABF532F4DE6" otype="Entity" vid="EB4A52D7-C04B-8DF9-F18A-1F0914827008">
<hideElementsInCurrentOnly>false</hideElementsInCurrentOnly>
<bounds x="1000" y="131" width="291" height="444"/>
</OView>
</objectViews>
<connectors>
<Connector class="oracle.dbtools.crest.swingui.logical.TVInheritanceRelation" oid="2AADE0FC-2E2F-714F-075A-5D7E31DC9D67" otype="Hierarchy relation" vid_source="EB4A52D7-C04B-8DF9-F18A-1F0914827008" vid_target="C844742F-39D7-421B-AF2C-002412BAF4C6">
<hideElementsInCurrentOnly>false</hideElementsInCurrentOnly>
<backgroundColor>-65536</backgroundColor>
<lineWidth>1</lineWidth>
</Connector>
<Connector class="oracle.dbtools.crest.swingui.logical.TVRelation" oid="4FD15CD5-9F6A-A70F-6287-869B30EFCE73" otype="Relation" vid_source="E7264EA5-4F7F-02F0-7C32-25BADD4CAA66" vid_target="C844742F-39D7-421B-AF2C-002412BAF4C6">
<hideElementsInCurrentOnly>false</hideElementsInCurrentOnly>
<backgroundColor>-16777216</backgroundColor>
<lineWidth>1</lineWidth>
<points>
<point x="678" y="371"/>
<point x="1023" y="371"/>
</points>
</Connector>
<Connector class="oracle.dbtools.crest.swingui.logical.TVRelation" oid="9868C3F8-C291-BC25-E045-415EF0EEE82D" otype="Relation" vid_source="2F4A3207-5148-0B60-5789-85A5EAABA8A0" vid_target="81F59085-1935-F340-C7E3-92D28AE66BE6">
<hideElementsInCurrentOnly>false</hideElementsInCurrentOnly>
<backgroundColor>-16777216</backgroundColor>
<lineWidth>1</lineWidth>
<points>
<point x="664" y="196"/>
<point x="768" y="196"/>
</points>
</Connector>
<Connector class="oracle.dbtools.crest.swingui.logical.TVRelation" oid="A66B72EF-0147-C697-9904-E0B544F3C596" otype="Relation" vid_source="8FD599C2-8D46-AFD0-6901-87100B783884" vid_target="E7264EA5-4F7F-02F0-7C32-25BADD4CAA66">
<hideElementsInCurrentOnly>false</hideElementsInCurrentOnly>
<backgroundColor>-16777216</backgroundColor>
<lineWidth>1</lineWidth>
<points>
<point x="278" y="371"/>
<point x="543" y="371"/>
</points>
</Connector>
<Connector class="oracle.dbtools.crest.swingui.logical.TVRelation" oid="BA6EB13A-8DFB-9579-F9E3-7E882A27FB0C" otype="Relation" vid_source="8FD599C2-8D46-AFD0-6901-87100B783884" vid_target="863C0F48-EBEE-F3BA-2C89-7CFF31B193E0">
<hideElementsInCurrentOnly>false</hideElementsInCurrentOnly>
<backgroundColor>-16777216</backgroundColor>
<lineWidth>1</lineWidth>
<points>
<point x="278" y="505"/>
<point x="546" y="505"/>
</points>
</Connector>
<Connector class="oracle.dbtools.crest.swingui.logical.TVRelation" oid="DAF2849F-8195-22AC-3120-3E963E2CE822" otype="Relation" vid_source="E7264EA5-4F7F-02F0-7C32-25BADD4CAA66" vid_target="2F4A3207-5148-0B60-5789-85A5EAABA8A0">
<hideElementsInCurrentOnly>false</hideElementsInCurrentOnly>
<backgroundColor>-16777216</backgroundColor>
<lineWidth>1</lineWidth>
<points>
<point x="606" y="325"/>
<point x="606" y="236"/>
</points>
</Connector>
<Connector class="oracle.dbtools.crest.swingui.logical.TVInheritanceRelation" oid="F390B907-35CE-E3B0-91D4-2D4FE3185460" otype="Hierarchy relation" vid_source="EB4A52D7-C04B-8DF9-F18A-1F0914827008" vid_target="F0C475A3-755D-21D1-E2BC-7DA577BF5077">
<hideElementsInCurrentOnly>false</hideElementsInCurrentOnly>
<backgroundColor>-65536</backgroundColor>
<lineWidth>1</lineWidth>
</Connector>
<Connector class="oracle.dbtools.crest.swingui.logical.TVRelation" oid="FF14A075-05E9-EB5A-B3F7-992F766930B1" otype="Relation" vid_source="863C0F48-EBEE-F3BA-2C89-7CFF31B193E0" vid_target="F0C475A3-755D-21D1-E2BC-7DA577BF5077">
<hideElementsInCurrentOnly>false</hideElementsInCurrentOnly>
<backgroundColor>-16777216</backgroundColor>
<lineWidth>1</lineWidth>
<points>
<point x="677" y="505"/>
<point x="1022" y="505"/>
</points>
</Connector>
</connectors>
</Diagram>