<?xml version = '1.0' encoding = 'UTF-8'?>
<Entity class="oracle.dbtools.crest.model.design.logical.Entity" directorySegmentName="seg_0" id="1E55A0A2-CEFD-79E2-A796-D6499BE7AE88" name="Endereço">
<createdBy>Particular</createdBy>
<createdTime>2020-05-06 22:14:09 UTC</createdTime>
<ownerDesignName>Modelo Relacional</ownerDesignName>
<engineerTo>
<item key="5D5C9885-5823-B9F6-8904-D9ACAAA78EBD" value="true"/>
</engineerTo>
<adequatelyNormalized>NO</adequatelyNormalized>
<expectedVolumes>0</expectedVolumes>
<fwdEngineeringStrategyName>Single Table</fwdEngineeringStrategyName>
<growthPercent>0</growthPercent>
<growthType>Year</growthType>
<maxVolumes>9999999</maxVolumes>
<minVolumes>0</minVolumes>
<normalForm>Third</normalForm>
<attributes itemClass="oracle.dbtools.crest.model.design.logical.Attribute">
<Attribute name="ID" id="902252B8-DE70-D04A-0692-47F10EFC23DF">
<createdBy>Particular</createdBy>
<createdTime>2020-05-06 22:16:21 UTC</createdTime>
<ownerDesignName>Modelo Relacional</ownerDesignName>
<engineerTo>
<item key="5D5C9885-5823-B9F6-8904-D9ACAAA78EBD" value="true"/>
</engineerTo>
<use>0</use>
<ownDataTypeParameters>,,</ownDataTypeParameters>
</Attribute>
<Attribute name="CEP" id="A7ADFF06-CD62-A0BC-90BE-422D833F4F38">
<createdBy>Particular</createdBy>
<createdTime>2020-05-06 22:14:16 UTC</createdTime>
<ownerDesignName>Modelo Relacional</ownerDesignName>
<engineerTo>
<item key="5D5C9885-5823-B9F6-8904-D9ACAAA78EBD" value="true"/>
</engineerTo>
<use>0</use>
<ownDataTypeParameters>,,</ownDataTypeParameters>
</Attribute>
<Attribute name="Número" id="6659F91E-ECD3-D74D-FB86-20B21B34EF01">
<createdBy>Particular</createdBy>
<createdTime>2020-05-06 22:14:24 UTC</createdTime>
<ownerDesignName>Modelo Relacional</ownerDesignName>
<engineerTo>
<item key="5D5C9885-5823-B9F6-8904-D9ACAAA78EBD" value="true"/>
</engineerTo>
<use>0</use>
<ownDataTypeParameters>,,</ownDataTypeParameters>
</Attribute>
<Attribute name="Complemento" id="DC79E508-9E81-FD03-4FC4-9ED3EE532FF8">
<createdBy>Particular</createdBy>
<createdTime>2020-05-06 22:14:33 UTC</createdTime>
<ownerDesignName>Modelo Relacional</ownerDesignName>
<engineerTo>
<item key="5D5C9885-5823-B9F6-8904-D9ACAAA78EBD" value="true"/>
</engineerTo>
<nullsAllowed>true</nullsAllowed>
<use>0</use>
<ownDataTypeParameters>,,</ownDataTypeParameters>
</Attribute>
<Attribute name="Rua" id="9C657A53-D8FB-E259-C507-466D567F49A6">
<createdBy>Particular</createdBy>
<createdTime>2020-05-06 22:14:21 UTC</createdTime>
<ownerDesignName>Modelo Relacional</ownerDesignName>
<engineerTo>
<item key="5D5C9885-5823-B9F6-8904-D9ACAAA78EBD" value="true"/>
</engineerTo>
<use>0</use>
<ownDataTypeParameters>,,</ownDataTypeParameters>
</Attribute>
<Attribute name="ID1" id="3EA114BF-AD08-1998-F2AC-D2516B52F6DD">
<createdBy>Particular</createdBy>
<createdTime>2020-05-06 22:21:34 UTC</createdTime>
<generatorID>8EF4930F-702F-26E3-FB24-04D23F591568</generatorID>
<ownerDesignName>Modelo Relacional</ownerDesignName>
<engineerTo>
<item key="5D5C9885-5823-B9F6-8904-D9ACAAA78EBD" value="true"/>
</engineerTo>
<referedAttribute>A7E013F5-0E6C-B721-FD0C-BF0687A34FCF</referedAttribute>
<use>0</use>
<ownDataTypeParameters>,,</ownDataTypeParameters>
</Attribute>
<Attribute name="ID2" id="B8550A3A-3C01-8188-BA56-D061AEFA6107">
<createdBy>Particular</createdBy>
<createdTime>2020-05-06 22:21:49 UTC</createdTime>
<generatorID>CD495D82-AB63-AC46-AB25-743DF1A6720A</generatorID>
<ownerDesignName>Modelo Relacional</ownerDesignName>
<engineerTo>
<item key="5D5C9885-5823-B9F6-8904-D9ACAAA78EBD" value="true"/>
</engineerTo>
<referedAttribute>32690D4C-DEC0-9E7C-BBE3-CE51F6FC5F36</referedAttribute>
<use>0</use>
<ownDataTypeParameters>,,</ownDataTypeParameters>
</Attribute>
<Attribute name="Bairro" id="DE5D4514-3156-2107-4906-3495A3D57A87">
<createdBy>roph</createdBy>
<createdTime>2020-05-08 13:52:42 UTC</createdTime>
<ownerDesignName>Modelo Relacional</ownerDesignName>
<engineerTo>
<item key="5D5C9885-5823-B9F6-8904-D9ACAAA78EBD" value="true"/>
</engineerTo>
<use>0</use>
<ownDataTypeParameters>,,</ownDataTypeParameters>
</Attribute>
<Attribute name="Cidade" id="7BA12193-1800-0187-9793-6D21DE028AB9">
<createdBy>roph</createdBy>
<createdTime>2020-05-08 13:53:04 UTC</createdTime>
<ownerDesignName>Modelo Relacional</ownerDesignName>
<engineerTo>
<item key="5D5C9885-5823-B9F6-8904-D9ACAAA78EBD" value="true"/>
</engineerTo>
<use>0</use>
<ownDataTypeParameters>,,</ownDataTypeParameters>
</Attribute>
<Attribute name="Estado" id="4FE32A42-80C0-3367-33A3-C08C3B87B839">
<createdBy>roph</createdBy>
<createdTime>2020-05-08 13:53:10 UTC</createdTime>
<ownerDesignName>Modelo Relacional</ownerDesignName>
<engineerTo>
<item key="5D5C9885-5823-B9F6-8904-D9ACAAA78EBD" value="true"/>
</engineerTo>
<use>0</use>
<ownDataTypeParameters>,,</ownDataTypeParameters>
</Attribute>
</attributes>
<identifiers itemClass="oracle.dbtools.crest.model.design.logical.CandidateKey">
<identifier id="9ACA05A2-3D7F-5FCF-9AC0-038093C100DD" name="Endereço PK">
<createdBy>Particular</createdBy>
<createdTime>2020-05-06 22:16:29 UTC</createdTime>
<ownerDesignName>Modelo Relacional</ownerDesignName>
<engineerTo>
<item key="5D5C9885-5823-B9F6-8904-D9ACAAA78EBD" value="true"/>
</engineerTo>
<pk>true</pk>
<usedAttributes>
<attributeRef>902252B8-DE70-D04A-0692-47F10EFC23DF</attributeRef>
</usedAttributes>
</identifier>
<identifier id="C8579FA9-EC1D-2E9A-34E9-E50CF7C96ADD" name="Key_2">
<createdBy>Particular</createdBy>
<createdTime>2020-05-06 22:16:34 UTC</createdTime>
<ownerDesignName>Modelo Relacional</ownerDesignName>
<engineerTo>
<item key="5D5C9885-5823-B9F6-8904-D9ACAAA78EBD" value="true"/>
</engineerTo>
<newElementsIDs>A7ADFF06-CD62-A0BC-90BE-422D833F4F38,6659F91E-ECD3-D74D-FB86-20B21B34EF01,DC79E508-9E81-FD03-4FC4-9ED3EE532FF8</newElementsIDs>
<usedAttributes>
<attributeRef>A7ADFF06-CD62-A0BC-90BE-422D833F4F38</attributeRef>
<attributeRef>6659F91E-ECD3-D74D-FB86-20B21B34EF01</attributeRef>
<attributeRef>DC79E508-9E81-FD03-4FC4-9ED3EE532FF8</attributeRef>
</usedAttributes>
</identifier>
</identifiers>
</Entity>