<?xml version = '1.0' encoding = 'UTF-8'?>
<Entity class="oracle.dbtools.crest.model.design.logical.Entity" directorySegmentName="seg_0" id="2A284F69-406F-C088-812D-8E7D995ECBCA" name="Cliente">
<createdBy>roph</createdBy>
<createdTime>2020-03-21 00:14:51 UTC</createdTime>
<ownerDesignName>Modelo Relacional</ownerDesignName>
<engineerTo>
<item key="5D5C9885-5823-B9F6-8904-D9ACAAA78EBD" value="true"/>
</engineerTo>
<adequatelyNormalized>NO</adequatelyNormalized>
<expectedVolumes>0</expectedVolumes>
<fwdEngineeringStrategyName>Single Table</fwdEngineeringStrategyName>
<growthPercent>0</growthPercent>
<growthType>Year</growthType>
<maxVolumes>9999999</maxVolumes>
<minVolumes>0</minVolumes>
<normalForm>Third</normalForm>
<attributes itemClass="oracle.dbtools.crest.model.design.logical.Attribute">
<Attribute name="ID" id="A7E013F5-0E6C-B721-FD0C-BF0687A34FCF">
<createdBy>Particular</createdBy>
<createdTime>2020-05-06 21:45:03 UTC</createdTime>
<ownerDesignName>Modelo Relacional</ownerDesignName>
<engineerTo>
<item key="5D5C9885-5823-B9F6-8904-D9ACAAA78EBD" value="true"/>
</engineerTo>
<use>0</use>
<ownDataTypeParameters>,,</ownDataTypeParameters>
</Attribute>
<Attribute name="CPF" id="B843B0B4-EB2A-024D-AB13-D9B5C9C77F48">
<createdBy>Particular</createdBy>
<createdTime>2020-04-07 22:09:03 UTC</createdTime>
<ownerDesignName>Modelo Relacional</ownerDesignName>
<engineerTo>
<item key="5D5C9885-5823-B9F6-8904-D9ACAAA78EBD" value="true"/>
</engineerTo>
<use>0</use>
<ownDataTypeParameters>,,</ownDataTypeParameters>
</Attribute>
<Attribute name="Nome" id="A1E1B463-AFC1-6D3C-3343-877C37B8C11A">
<createdBy>Particular</createdBy>
<createdTime>2020-04-07 22:09:07 UTC</createdTime>
<ownerDesignName>Modelo Relacional</ownerDesignName>
<engineerTo>
<item key="5D5C9885-5823-B9F6-8904-D9ACAAA78EBD" value="true"/>
</engineerTo>
<use>0</use>
<ownDataTypeParameters>,,</ownDataTypeParameters>
</Attribute>
<Attribute name="Telefone1" id="1D10CA35-FA88-DC29-ED1F-2E4A627FF21F">
<createdBy>Particular</createdBy>
<createdTime>2020-04-07 22:09:16 UTC</createdTime>
<ownerDesignName>Modelo Relacional</ownerDesignName>
<engineerTo>
<item key="5D5C9885-5823-B9F6-8904-D9ACAAA78EBD" value="true"/>
</engineerTo>
<use>0</use>
<ownDataTypeParameters>,,</ownDataTypeParameters>
</Attribute>
<Attribute name="Telefone2" id="5AFFFD1E-F5E8-9A23-CC0D-225578D33123">
<createdBy>roph</createdBy>
<createdTime>2020-05-08 15:30:59 UTC</createdTime>
<ownerDesignName>Modelo Relacional</ownerDesignName>
<engineerTo>
<item key="5D5C9885-5823-B9F6-8904-D9ACAAA78EBD" value="true"/>
</engineerTo>
<nullsAllowed>true</nullsAllowed>
<use>0</use>
<ownDataTypeParameters>,,</ownDataTypeParameters>
</Attribute>
<Attribute name="Email" id="DC12FF49-8CA7-1B27-6806-69BFAD1AAC2D">
<createdBy>Particular</createdBy>
<createdTime>2020-04-07 22:09:13 UTC</createdTime>
<ownerDesignName>Modelo Relacional</ownerDesignName>
<engineerTo>
<item key="5D5C9885-5823-B9F6-8904-D9ACAAA78EBD" value="true"/>
</engineerTo>
<nullsAllowed>true</nullsAllowed>
<use>0</use>
<ownDataTypeParameters>,,</ownDataTypeParameters>
</Attribute>
<Attribute name="ID1" id="E93A5284-40A5-DF2F-D732-CC2FD0F2A203">
<createdBy>Particular</createdBy>
<createdTime>2020-05-06 22:21:36 UTC</createdTime>
<generatorID>8EF4930F-702F-26E3-FB24-04D23F591568</generatorID>
<ownerDesignName>Modelo Relacional</ownerDesignName>
<engineerTo>
<item key="5D5C9885-5823-B9F6-8904-D9ACAAA78EBD" value="true"/>
</engineerTo>
<referedAttribute>902252B8-DE70-D04A-0692-47F10EFC23DF</referedAttribute>
<use>0</use>
<ownDataTypeParameters>,,</ownDataTypeParameters>
</Attribute>
</attributes>
<identifiers itemClass="oracle.dbtools.crest.model.design.logical.CandidateKey">
<identifier id="8418A04B-509D-31E9-CA39-8490185F8783" name="Key_2">
<createdBy>Particular</createdBy>
<createdTime>2020-05-06 21:43:38 UTC</createdTime>
<ownerDesignName>Modelo Relacional</ownerDesignName>
<engineerTo>
<item key="5D5C9885-5823-B9F6-8904-D9ACAAA78EBD" value="true"/>
</engineerTo>
<newElementsIDs>B843B0B4-EB2A-024D-AB13-D9B5C9C77F48</newElementsIDs>
<usedAttributes>
<attributeRef>B843B0B4-EB2A-024D-AB13-D9B5C9C77F48</attributeRef>
</usedAttributes>
</identifier>
<identifier id="B452F622-0488-D8A6-2581-6DADD36D9B1C" name="Key_3">
<createdBy>Particular</createdBy>
<createdTime>2020-05-06 21:45:15 UTC</createdTime>
<ownerDesignName>Modelo Relacional</ownerDesignName>
<engineerTo>
<item key="5D5C9885-5823-B9F6-8904-D9ACAAA78EBD" value="true"/>
</engineerTo>
<newElementsIDs>A7E013F5-0E6C-B721-FD0C-BF0687A34FCF</newElementsIDs>
<usedAttributes>
<attributeRef>A7E013F5-0E6C-B721-FD0C-BF0687A34FCF</attributeRef>
</usedAttributes>
</identifier>
<identifier id="BFD57F3F-85B0-0110-DEFC-2718A9A5071C" name="Cliente PK">
<createdBy>Particular</createdBy>
<createdTime>2020-05-06 21:57:38 UTC</createdTime>
<ownerDesignName>Modelo Relacional</ownerDesignName>
<engineerTo>
<item key="5D5C9885-5823-B9F6-8904-D9ACAAA78EBD" value="true"/>
</engineerTo>
<pk>true</pk>
<usedAttributes>
<attributeRef>A7E013F5-0E6C-B721-FD0C-BF0687A34FCF</attributeRef>
</usedAttributes>
</identifier>
</identifiers>
</Entity>