<?xml version = '1.0' encoding = 'UTF-8'?>
<Entity class="oracle.dbtools.crest.model.design.logical.Entity" directorySegmentName="seg_0" id="43160438-739B-4940-9D8D-B46F2D59AC38" name="Atendente">
<createdBy>roph</createdBy>
<createdTime>2020-03-21 00:22:50 UTC</createdTime>
<ownerDesignName>Modelo Relacional</ownerDesignName>
<engineerTo>
<item key="5D5C9885-5823-B9F6-8904-D9ACAAA78EBD" value="true"/>
</engineerTo>
<adequatelyNormalized>NO</adequatelyNormalized>
<expectedVolumes>0</expectedVolumes>
<fwdEngineeringStrategyName>Single Table</fwdEngineeringStrategyName>
<growthPercent>0</growthPercent>
<growthType>Year</growthType>
<hierarchicalParent>FF56AA8F-8DEA-57CC-DEDB-8ABF532F4DE6</hierarchicalParent>
<maxVolumes>9999999</maxVolumes>
<minVolumes>0</minVolumes>
<normalForm>Third</normalForm>
<attributes itemClass="oracle.dbtools.crest.model.design.logical.Attribute">
<Attribute name="Nome" id="0FFDAAD7-54D1-DFA1-2754-311264893E94">
<createdBy>Particular</createdBy>
<createdTime>2020-04-07 22:08:54 UTC</createdTime>
<ownerDesignName>Modelo Relacional</ownerDesignName>
<engineerTo>
<item key="5D5C9885-5823-B9F6-8904-D9ACAAA78EBD" value="true"/>
</engineerTo>
<use>0</use>
<ownDataTypeParameters>,,</ownDataTypeParameters>
</Attribute>
</attributes>
</Entity>