<?xml version = '1.0' encoding = 'UTF-8'?>
<Entity class="oracle.dbtools.crest.model.design.logical.Entity" directorySegmentName="seg_0" id="6123F911-50A7-3557-5AD1-9C829944D909" name="Item">
<createdBy>roph</createdBy>
<createdTime>2020-03-21 00:16:43 UTC</createdTime>
<ownerDesignName>Modelo Relacional</ownerDesignName>
<engineerTo>
<item key="5D5C9885-5823-B9F6-8904-D9ACAAA78EBD" value="true"/>
</engineerTo>
<adequatelyNormalized>NO</adequatelyNormalized>
<expectedVolumes>0</expectedVolumes>
<fwdEngineeringStrategyName>Single Table</fwdEngineeringStrategyName>
<growthPercent>0</growthPercent>
<growthType>Year</growthType>
<maxVolumes>9999999</maxVolumes>
<minVolumes>0</minVolumes>
<normalForm>Third</normalForm>
<attributes itemClass="oracle.dbtools.crest.model.design.logical.Attribute">
<Attribute name="ID" id="7F208E2F-C88E-997C-A201-17B4E339E6CE">
<createdBy>Particular</createdBy>
<createdTime>2020-04-07 22:07:26 UTC</createdTime>
<ownerDesignName>Modelo Relacional</ownerDesignName>
<engineerTo>
<item key="5D5C9885-5823-B9F6-8904-D9ACAAA78EBD" value="true"/>
</engineerTo>
<use>0</use>
<ownDataTypeParameters>,,</ownDataTypeParameters>
</Attribute>
<Attribute name="Quantidade" id="21419B3B-9555-FD80-9186-30808A05DEAC">
<createdBy>Particular</createdBy>
<createdTime>2020-04-07 22:07:21 UTC</createdTime>
<ownerDesignName>Modelo Relacional</ownerDesignName>
<engineerTo>
<item key="5D5C9885-5823-B9F6-8904-D9ACAAA78EBD" value="true"/>
</engineerTo>
<use>0</use>
<ownDataTypeParameters>,,</ownDataTypeParameters>
</Attribute>
<Attribute name="Nota fiscal" id="71409C29-8099-4C10-4495-4B40A5AA26F7">
<createdBy>Particular</createdBy>
<createdTime>2020-05-06 21:41:15 UTC</createdTime>
<generatorID>DAF2849F-8195-22AC-3120-3E963E2CE822</generatorID>
<ownerDesignName>Modelo Relacional</ownerDesignName>
<engineerTo>
<item key="5D5C9885-5823-B9F6-8904-D9ACAAA78EBD" value="true"/>
</engineerTo>
<referedAttribute>3A113718-83B3-5180-45D1-FF894C01904D</referedAttribute>
<use>0</use>
<ownDataTypeParameters>,,</ownDataTypeParameters>
</Attribute>
<Attribute name="Marca" id="3A2FE646-2F72-8F4C-2B53-43F9228A0294">
<createdBy>Particular</createdBy>
<createdTime>2020-05-06 21:54:54 UTC</createdTime>
<generatorID>9868C3F8-C291-BC25-E045-415EF0EEE82D</generatorID>
<ownerDesignName>Modelo Relacional</ownerDesignName>
<engineerTo>
<item key="5D5C9885-5823-B9F6-8904-D9ACAAA78EBD" value="true"/>
</engineerTo>
<referedAttribute>4EDE977B-00E1-4FEF-B171-B5AC64F9E7F0</referedAttribute>
<use>0</use>
<ownDataTypeParameters>,,</ownDataTypeParameters>
</Attribute>
<Attribute name="Modelo" id="67DE75D6-E178-1879-2EA7-13D50DDCC228">
<createdBy>Particular</createdBy>
<createdTime>2020-05-06 21:54:54 UTC</createdTime>
<generatorID>9868C3F8-C291-BC25-E045-415EF0EEE82D</generatorID>
<ownerDesignName>Modelo Relacional</ownerDesignName>
<engineerTo>
<item key="5D5C9885-5823-B9F6-8904-D9ACAAA78EBD" value="true"/>
</engineerTo>
<referedAttribute>6B2EF6A0-71DC-3561-109D-78A486D575E0</referedAttribute>
<use>0</use>
<ownDataTypeParameters>,,</ownDataTypeParameters>
</Attribute>
<Attribute name="ID1" id="94546391-F2F5-B4FC-CC4C-A4E718E8395D">
<createdBy>roph</createdBy>
<createdTime>2020-05-25 23:14:12 UTC</createdTime>
<generatorID>9868C3F8-C291-BC25-E045-415EF0EEE82D</generatorID>
<ownerDesignName>Modelo Relacional</ownerDesignName>
<engineerTo>
<item key="5D5C9885-5823-B9F6-8904-D9ACAAA78EBD" value="true"/>
</engineerTo>
<referedAttribute>B689ADFD-E659-470F-9BF2-413149CA0CA1</referedAttribute>
<use>0</use>
<ownDataTypeParameters>,,</ownDataTypeParameters>
</Attribute>
</attributes>
<identifiers itemClass="oracle.dbtools.crest.model.design.logical.CandidateKey">
<identifier id="0DAF3D85-C751-2900-26E0-A521564F1149" name="Key_2">
<createdBy>Particular</createdBy>
<createdTime>2020-05-06 21:51:15 UTC</createdTime>
<ownerDesignName>Modelo Relacional</ownerDesignName>
<engineerTo>
<item key="5D5C9885-5823-B9F6-8904-D9ACAAA78EBD" value="true"/>
</engineerTo>
<newElementsIDs>7F208E2F-C88E-997C-A201-17B4E339E6CE</newElementsIDs>
<usedAttributes>
<attributeRef>7F208E2F-C88E-997C-A201-17B4E339E6CE</attributeRef>
</usedAttributes>
</identifier>
<identifier id="F91D82C4-99FF-C68F-41EF-AD6AE3302CA4" name="Item PK">
<createdBy>roph</createdBy>
<createdTime>2020-05-08 15:51:19 UTC</createdTime>
<ownerDesignName>Modelo Relacional</ownerDesignName>
<engineerTo>
<item key="5D5C9885-5823-B9F6-8904-D9ACAAA78EBD" value="true"/>
</engineerTo>
<pk>true</pk>
<usedAttributes>
<attributeRef>7F208E2F-C88E-997C-A201-17B4E339E6CE</attributeRef>
</usedAttributes>
</identifier>
</identifiers>
</Entity>