<?xml version = '1.0' encoding = 'UTF-8'?>
<Entity class="oracle.dbtools.crest.model.design.logical.Entity" directorySegmentName="seg_0" id="D16E8CE6-C98A-8925-90A4-DD9C7EB67C69" name="Atendimento">
<createdBy>roph</createdBy>
<createdTime>2020-03-21 00:24:16 UTC</createdTime>
<ownerDesignName>Modelo Relacional</ownerDesignName>
<engineerTo>
<item key="5D5C9885-5823-B9F6-8904-D9ACAAA78EBD" value="true"/>
</engineerTo>
<adequatelyNormalized>NO</adequatelyNormalized>
<expectedVolumes>0</expectedVolumes>
<fwdEngineeringStrategyName>Single Table</fwdEngineeringStrategyName>
<growthPercent>0</growthPercent>
<growthType>Year</growthType>
<maxVolumes>9999999</maxVolumes>
<minVolumes>0</minVolumes>
<normalForm>Third</normalForm>
<attributes itemClass="oracle.dbtools.crest.model.design.logical.Attribute">
<Attribute name="ID" id="86B050DC-67E0-06A6-D285-DAB4344CA6EB">
<createdBy>Particular</createdBy>
<createdTime>2020-05-06 21:48:58 UTC</createdTime>
<ownerDesignName>Modelo Relacional</ownerDesignName>
<engineerTo>
<item key="5D5C9885-5823-B9F6-8904-D9ACAAA78EBD" value="true"/>
</engineerTo>
<use>0</use>
<ownDataTypeParameters>,,</ownDataTypeParameters>
</Attribute>
<Attribute name="Protocolo" id="2DBC7387-6D13-9EED-F873-F56CFE0F7EEC">
<createdBy>Particular</createdBy>
<createdTime>2020-04-07 22:09:38 UTC</createdTime>
<ownerDesignName>Modelo Relacional</ownerDesignName>
<engineerTo>
<item key="5D5C9885-5823-B9F6-8904-D9ACAAA78EBD" value="true"/>
</engineerTo>
<use>0</use>
<ownDataTypeParameters>,,</ownDataTypeParameters>
</Attribute>
<Attribute name="Data" id="5153CE9C-9922-0F56-E80C-863B13069796">
<createdBy>Particular</createdBy>
<createdTime>2020-04-07 22:09:31 UTC</createdTime>
<ownerDesignName>Modelo Relacional</ownerDesignName>
<engineerTo>
<item key="5D5C9885-5823-B9F6-8904-D9ACAAA78EBD" value="true"/>
</engineerTo>
<use>0</use>
<ownDataTypeParameters>,,</ownDataTypeParameters>
</Attribute>
<Attribute name="Hora" id="B4C10F91-3713-E9EE-4944-E45CE2B4AAAA">
<createdBy>roph</createdBy>
<createdTime>2020-04-11 02:21:42 UTC</createdTime>
<ownerDesignName>Modelo Relacional</ownerDesignName>
<engineerTo>
<item key="5D5C9885-5823-B9F6-8904-D9ACAAA78EBD" value="true"/>
</engineerTo>
<use>0</use>
<ownDataTypeParameters>,,</ownDataTypeParameters>
</Attribute>
<Attribute name="Motivo" id="FAA1FE5F-89E9-8532-38E1-D8CC04C84BE7">
<createdBy>Particular</createdBy>
<createdTime>2020-04-07 22:09:34 UTC</createdTime>
<ownerDesignName>Modelo Relacional</ownerDesignName>
<engineerTo>
<item key="5D5C9885-5823-B9F6-8904-D9ACAAA78EBD" value="true"/>
</engineerTo>
<use>0</use>
<ownDataTypeParameters>,,</ownDataTypeParameters>
</Attribute>
<Attribute name="CPF" id="B603ECE4-87B5-7DDF-C243-CAC2E08138EE">
<createdBy>Particular</createdBy>
<createdTime>2020-05-06 21:44:06 UTC</createdTime>
<generatorID>BA6EB13A-8DFB-9579-F9E3-7E882A27FB0C</generatorID>
<ownerDesignName>Modelo Relacional</ownerDesignName>
<engineerTo>
<item key="5D5C9885-5823-B9F6-8904-D9ACAAA78EBD" value="true"/>
</engineerTo>
<referedAttribute>B843B0B4-EB2A-024D-AB13-D9B5C9C77F48</referedAttribute>
<use>0</use>
<ownDataTypeParameters>,,</ownDataTypeParameters>
</Attribute>
<Attribute name="ID1" id="05E2333D-B62D-7F65-9F50-9847D3D76E0C">
<createdBy>roph</createdBy>
<createdTime>2020-05-08 13:50:44 UTC</createdTime>
<generatorID>FF14A075-05E9-EB5A-B3F7-992F766930B1</generatorID>
<ownerDesignName>Modelo Relacional</ownerDesignName>
<engineerTo>
<item key="5D5C9885-5823-B9F6-8904-D9ACAAA78EBD" value="true"/>
</engineerTo>
<referedAttribute>32690D4C-DEC0-9E7C-BBE3-CE51F6FC5F36</referedAttribute>
<use>0</use>
<ownDataTypeParameters>,,</ownDataTypeParameters>
</Attribute>
</attributes>
<identifiers itemClass="oracle.dbtools.crest.model.design.logical.CandidateKey">
<identifier id="60A9E9E2-23D0-CF80-7D43-50F77A3F7630" name="Key_2">
<createdBy>Particular</createdBy>
<createdTime>2020-05-06 21:49:21 UTC</createdTime>
<ownerDesignName>Modelo Relacional</ownerDesignName>
<engineerTo>
<item key="5D5C9885-5823-B9F6-8904-D9ACAAA78EBD" value="true"/>
</engineerTo>
<newElementsIDs>2DBC7387-6D13-9EED-F873-F56CFE0F7EEC</newElementsIDs>
<usedAttributes>
<attributeRef>2DBC7387-6D13-9EED-F873-F56CFE0F7EEC</attributeRef>
</usedAttributes>
</identifier>
<identifier id="598F36D6-952D-70B6-3BCC-BBFD34450D5F" name="Atendimento PK">
<createdBy>Particular</createdBy>
<createdTime>2020-05-06 21:57:43 UTC</createdTime>
<ownerDesignName>Modelo Relacional</ownerDesignName>
<engineerTo>
<item key="5D5C9885-5823-B9F6-8904-D9ACAAA78EBD" value="true"/>
</engineerTo>
<pk>true</pk>
<usedAttributes>
<attributeRef>86B050DC-67E0-06A6-D285-DAB4344CA6EB</attributeRef>
</usedAttributes>
</identifier>
</identifiers>
</Entity>