<?xml version = '1.0' encoding = 'UTF-8'?>
<Table class="oracle.dbtools.crest.model.design.relational.Table" directorySegmentName="seg_0" id="457F9482-6866-3616-AA78-A3E2EBE27D61" name="Atendente">
<createdBy>roph</createdBy>
<createdTime>2020-05-25 23:14:33 UTC</createdTime>
<generatorID>43160438-739B-4940-9D8D-B46F2D59AC38</generatorID>
<ownerDesignName>Modelo Relacional</ownerDesignName>
<allowColumnReorder>false</allowColumnReorder>
<existDependencyGenerateInDDl>true</existDependencyGenerateInDDl>
<parsed>true</parsed>
<columns itemClass="oracle.dbtools.crest.model.design.relational.Column">
<Column name="ID" id="181946F1-1D17-15E5-7C48-41B2C257CBE3">
<createdBy>roph</createdBy>
<createdTime>2020-05-25 23:14:33 UTC</createdTime>
<generatorID>32690D4C-DEC0-9E7C-BBE3-CE51F6FC5F36</generatorID>
<ownerDesignName>Modelo Relacional</ownerDesignName>
<use>0</use>
<ownDataTypeParameters>,,</ownDataTypeParameters>
<autoIncrementCycle>false</autoIncrementCycle>
</Column>
<Column name="Matrícula" id="14050AA7-004E-6695-F439-47138293C69D">
<createdBy>roph</createdBy>
<createdTime>2020-05-25 23:14:33 UTC</createdTime>
<generatorID>36BE5F3D-3AA6-1C9E-0648-F08F2443AD46</generatorID>
<ownerDesignName>Modelo Relacional</ownerDesignName>
<use>0</use>
<ownDataTypeParameters>,,</ownDataTypeParameters>
<autoIncrementCycle>false</autoIncrementCycle>
</Column>
<Column name="CPF" id="CD85EF04-E4A7-D218-7A97-6D16AD3C79D5">
<createdBy>roph</createdBy>
<createdTime>2020-05-25 23:14:33 UTC</createdTime>
<generatorID>C29DF7C2-236B-66FC-DA4A-720636E34B75</generatorID>
<ownerDesignName>Modelo Relacional</ownerDesignName>
<use>0</use>
<ownDataTypeParameters>,,</ownDataTypeParameters>
<autoIncrementCycle>false</autoIncrementCycle>
</Column>
<Column name="Carteira_deTrabalho" id="6EE40B38-59EC-9BC2-6BE1-96082F0FCE42">
<createdBy>roph</createdBy>
<createdTime>2020-05-25 23:14:33 UTC</createdTime>
<generatorID>04899C52-EA5B-9EBF-E069-CAB0510CCA00</generatorID>
<ownerDesignName>Modelo Relacional</ownerDesignName>
<use>0</use>
<ownDataTypeParameters>,,</ownDataTypeParameters>
<autoIncrementCycle>false</autoIncrementCycle>
</Column>
<Column name="Telefone" id="EC32F22D-DFBE-6A8E-BBC1-6A861188CB85">
<createdBy>roph</createdBy>
<createdTime>2020-05-25 23:14:33 UTC</createdTime>
<generatorID>1D34AA7F-DACC-B56E-37B2-796D27281847</generatorID>
<ownerDesignName>Modelo Relacional</ownerDesignName>
<use>0</use>
<ownDataTypeParameters>,,</ownDataTypeParameters>
<autoIncrementCycle>false</autoIncrementCycle>
</Column>
<Column name="Telefone2" id="6DA614BB-25FD-3FEA-651A-9F38D0177E7E">
<createdBy>roph</createdBy>
<createdTime>2020-05-25 23:14:33 UTC</createdTime>
<generatorID>342700E7-4711-0942-68EC-5BF3E5653CC7</generatorID>
<ownerDesignName>Modelo Relacional</ownerDesignName>
<nullsAllowed>true</nullsAllowed>
<use>0</use>
<ownDataTypeParameters>,,</ownDataTypeParameters>
<autoIncrementCycle>false</autoIncrementCycle>
</Column>
<Column name="E-mail" id="315B1174-E62D-4344-EB31-B2BC4C151717">
<createdBy>roph</createdBy>
<createdTime>2020-05-25 23:14:33 UTC</createdTime>
<generatorID>99D0F804-0F07-9B5A-BFC4-DB4FA7493676</generatorID>
<ownerDesignName>Modelo Relacional</ownerDesignName>
<nullsAllowed>true</nullsAllowed>
<use>0</use>
<ownDataTypeParameters>,,</ownDataTypeParameters>
<autoIncrementCycle>false</autoIncrementCycle>
</Column>
<Column name="Endereço_ID" id="E24BA9E9-E209-B229-A16F-3F6DAFA66477">
<createdBy>roph</createdBy>
<createdTime>2020-05-25 23:14:33 UTC</createdTime>
<generatorID>891E6F11-F53F-FA21-85F8-16AEA7FE6D2C</generatorID>
<ownerDesignName>Modelo Relacional</ownerDesignName>
<use>0</use>
<ownDataTypeParameters>,,</ownDataTypeParameters>
<previousColumn>false</previousColumn>
<autoIncrementCycle>false</autoIncrementCycle>
<associations>
<colAssociation fkAssociation="709C96DD-C6E5-5451-BBF7-050ABCFF1617" referredColumn="175534BE-D06A-FB9E-51E0-4A5EAC3A8396"/>
</associations>
</Column>
<Column name="Nome" id="C3DC28BA-52BC-0149-F6C4-53552BD38384">
<createdBy>roph</createdBy>
<createdTime>2020-05-25 23:14:33 UTC</createdTime>
<generatorID>0FFDAAD7-54D1-DFA1-2754-311264893E94</generatorID>
<ownerDesignName>Modelo Relacional</ownerDesignName>
<use>0</use>
<ownDataTypeParameters>,,</ownDataTypeParameters>
<autoIncrementCycle>false</autoIncrementCycle>
</Column>
</columns>
<indexes itemClass="oracle.dbtools.crest.model.design.relational.Index">
<ind_PK_UK id="FB208C98-2FE8-12F3-DCE2-0F2C81968206" name="Atendente_PK">
<createdBy>roph</createdBy>
<createdTime>2020-05-25 23:14:33 UTC</createdTime>
<generatorID>11FEC94A-6832-4FB1-E51E-9C1130D769D9</generatorID>
<ownerDesignName>Modelo Relacional</ownerDesignName>
<pk>true</pk>
<indexState>Primary Constraint</indexState>
<isSurrogateKey>false</isSurrogateKey>
<indexColumnUsage>
<colUsage columnID="181946F1-1D17-15E5-7C48-41B2C257CBE3"/>
</indexColumnUsage>
</ind_PK_UK>
<ind_PK_UK id="AD804797-1941-211A-68E1-7C69EF7B78A4" name="Atendente_Matrícula_UN">
<createdBy>roph</createdBy>
<createdTime>2020-05-25 23:14:33 UTC</createdTime>
<generatorID>59FD3461-C917-390B-172F-91A2647F85AD</generatorID>
<ownerDesignName>Modelo Relacional</ownerDesignName>
<indexState>Unique Constraint</indexState>
<isSurrogateKey>false</isSurrogateKey>
<indexColumnUsage>
<colUsage columnID="14050AA7-004E-6695-F439-47138293C69D"/>
</indexColumnUsage>
</ind_PK_UK>
<ind_PK_UK id="76573E11-5650-2A6C-8959-C14CD10A1110" name="Atendente__IDX">
<createdBy>roph</createdBy>
<createdTime>2020-05-25 23:14:33 UTC</createdTime>
<ownerDesignName>Modelo Relacional</ownerDesignName>
<indexState>Unique Plain Index</indexState>
<isSurrogateKey>false</isSurrogateKey>
<relationGeneratorID>CD495D82-AB63-AC46-AB25-743DF1A6720A</relationGeneratorID>
<indexColumnUsage>
<colUsage columnID="E24BA9E9-E209-B229-A16F-3F6DAFA66477"/>
</indexColumnUsage>
</ind_PK_UK>
<ind_PK_UK id="3B0B562F-45A9-6E0A-D538-C98A2B2CB1D4" name="Atendente_Endereço_FK">
<createdBy>roph</createdBy>
<createdTime>2020-05-25 23:14:33 UTC</createdTime>
<generatorID>CD495D82-AB63-AC46-AB25-743DF1A6720A</generatorID>
<ownerDesignName>Modelo Relacional</ownerDesignName>
<indexState>Foreign Key</indexState>
<isSurrogateKey>false</isSurrogateKey>
<indexColumnUsage>
<colUsage columnID="E24BA9E9-E209-B229-A16F-3F6DAFA66477"/>
</indexColumnUsage>
</ind_PK_UK>
</indexes>
</Table>