<?xml version = '1.0' encoding = 'UTF-8'?>
<Table class="oracle.dbtools.crest.model.design.relational.Table" directorySegmentName="seg_0" id="4A2985CD-E93D-81D4-F58A-B06BBF330516" name="Endereço">
<createdBy>roph</createdBy>
<createdTime>2020-05-25 23:14:33 UTC</createdTime>
<generatorID>1E55A0A2-CEFD-79E2-A796-D6499BE7AE88</generatorID>
<ownerDesignName>Modelo Relacional</ownerDesignName>
<allowColumnReorder>false</allowColumnReorder>
<existDependencyGenerateInDDl>true</existDependencyGenerateInDDl>
<parsed>true</parsed>
<columns itemClass="oracle.dbtools.crest.model.design.relational.Column">
<Column name="ID" id="175534BE-D06A-FB9E-51E0-4A5EAC3A8396">
<createdBy>roph</createdBy>
<createdTime>2020-05-25 23:14:33 UTC</createdTime>
<generatorID>902252B8-DE70-D04A-0692-47F10EFC23DF</generatorID>
<ownerDesignName>Modelo Relacional</ownerDesignName>
<use>0</use>
<ownDataTypeParameters>,,</ownDataTypeParameters>
<autoIncrementCycle>false</autoIncrementCycle>
</Column>
<Column name="CEP" id="06BF9081-B24F-2223-A9AC-FFBF797AF0E2">
<createdBy>roph</createdBy>
<createdTime>2020-05-25 23:14:33 UTC</createdTime>
<generatorID>A7ADFF06-CD62-A0BC-90BE-422D833F4F38</generatorID>
<ownerDesignName>Modelo Relacional</ownerDesignName>
<use>0</use>
<ownDataTypeParameters>,,</ownDataTypeParameters>
<autoIncrementCycle>false</autoIncrementCycle>
</Column>
<Column name="Número" id="54AEF976-8FCB-AD73-A650-2AA028E28E50">
<createdBy>roph</createdBy>
<createdTime>2020-05-25 23:14:33 UTC</createdTime>
<generatorID>6659F91E-ECD3-D74D-FB86-20B21B34EF01</generatorID>
<ownerDesignName>Modelo Relacional</ownerDesignName>
<use>0</use>
<ownDataTypeParameters>,,</ownDataTypeParameters>
<autoIncrementCycle>false</autoIncrementCycle>
</Column>
<Column name="Complemento" id="BC36D620-E133-847A-F5BF-BCA124320021">
<createdBy>roph</createdBy>
<createdTime>2020-05-25 23:14:33 UTC</createdTime>
<generatorID>DC79E508-9E81-FD03-4FC4-9ED3EE532FF8</generatorID>
<ownerDesignName>Modelo Relacional</ownerDesignName>
<nullsAllowed>true</nullsAllowed>
<use>0</use>
<ownDataTypeParameters>,,</ownDataTypeParameters>
<autoIncrementCycle>false</autoIncrementCycle>
</Column>
<Column name="Rua" id="57EAD462-D61D-1D5B-9F41-F19280F302F2">
<createdBy>roph</createdBy>
<createdTime>2020-05-25 23:14:33 UTC</createdTime>
<generatorID>9C657A53-D8FB-E259-C507-466D567F49A6</generatorID>
<ownerDesignName>Modelo Relacional</ownerDesignName>
<use>0</use>
<ownDataTypeParameters>,,</ownDataTypeParameters>
<autoIncrementCycle>false</autoIncrementCycle>
</Column>
<Column name="Cliente_ID" id="7AE6B60B-7DCC-0B7A-1EC7-70DB0A6CED25">
<createdBy>roph</createdBy>
<createdTime>2020-05-25 23:14:33 UTC</createdTime>
<generatorID>3EA114BF-AD08-1998-F2AC-D2516B52F6DD</generatorID>
<ownerDesignName>Modelo Relacional</ownerDesignName>
<use>0</use>
<ownDataTypeParameters>,,</ownDataTypeParameters>
<previousColumn>false</previousColumn>
<autoIncrementCycle>false</autoIncrementCycle>
<associations>
<colAssociation fkAssociation="70A0A74F-C35F-8D8D-0E11-B848ACD1F906" referredColumn="FB728E72-9D67-99FE-1508-855980028F5A"/>
</associations>
</Column>
<Column name="ID2" id="75C7BB0B-48B2-DCDD-F0D9-9E18F5D54C51">
<createdBy>roph</createdBy>
<createdTime>2020-05-25 23:14:33 UTC</createdTime>
<generatorID>B8550A3A-3C01-8188-BA56-D061AEFA6107</generatorID>
<ownerDesignName>Modelo Relacional</ownerDesignName>
<nullsAllowed>true</nullsAllowed>
<use>0</use>
<ownDataTypeParameters>,,</ownDataTypeParameters>
<previousColumn>false</previousColumn>
<autoIncrementCycle>false</autoIncrementCycle>
<associations>
<colAssociation fkAssociation="813B3B44-5432-ED76-E649-87C9F4FFEF8E" referredColumn="4CFB6707-77D4-3CE3-B06F-C4A5656C8D3F"/>
<colAssociation fkAssociation="DA233B24-FA30-1DC6-0644-CC36AB16EC25" referredColumn="181946F1-1D17-15E5-7C48-41B2C257CBE3"/>
</associations>
</Column>
<Column name="Bairro" id="C5A06A53-4B11-74AD-997E-4139E82AE761">
<createdBy>roph</createdBy>
<createdTime>2020-05-25 23:14:33 UTC</createdTime>
<generatorID>DE5D4514-3156-2107-4906-3495A3D57A87</generatorID>
<ownerDesignName>Modelo Relacional</ownerDesignName>
<use>0</use>
<ownDataTypeParameters>,,</ownDataTypeParameters>
<autoIncrementCycle>false</autoIncrementCycle>
</Column>
<Column name="Cidade" id="EEAA0FAC-3D83-4DB3-C109-0E541F214BBF">
<createdBy>roph</createdBy>
<createdTime>2020-05-25 23:14:33 UTC</createdTime>
<generatorID>7BA12193-1800-0187-9793-6D21DE028AB9</generatorID>
<ownerDesignName>Modelo Relacional</ownerDesignName>
<use>0</use>
<ownDataTypeParameters>,,</ownDataTypeParameters>
<autoIncrementCycle>false</autoIncrementCycle>
</Column>
<Column name="Estado" id="F812CEB7-1981-F33D-CC2E-37C02C6504C5">
<createdBy>roph</createdBy>
<createdTime>2020-05-25 23:14:33 UTC</createdTime>
<generatorID>4FE32A42-80C0-3367-33A3-C08C3B87B839</generatorID>
<ownerDesignName>Modelo Relacional</ownerDesignName>
<use>0</use>
<ownDataTypeParameters>,,</ownDataTypeParameters>
<autoIncrementCycle>false</autoIncrementCycle>
</Column>
</columns>
<indexes itemClass="oracle.dbtools.crest.model.design.relational.Index">
<ind_PK_UK id="D2A94A29-426F-1DAF-80F1-B7876C4CF684" name="Endereço_PK">
<createdBy>roph</createdBy>
<createdTime>2020-05-25 23:14:33 UTC</createdTime>
<generatorID>9ACA05A2-3D7F-5FCF-9AC0-038093C100DD</generatorID>
<ownerDesignName>Modelo Relacional</ownerDesignName>
<pk>true</pk>
<indexState>Primary Constraint</indexState>
<isSurrogateKey>false</isSurrogateKey>
<indexColumnUsage>
<colUsage columnID="175534BE-D06A-FB9E-51E0-4A5EAC3A8396"/>
</indexColumnUsage>
</ind_PK_UK>
<ind_PK_UK id="9EF59DFD-40B6-E1AC-D46E-D7A2AE8FB91C" name="Endereço_CEP_Número_Complemento_UN">
<createdBy>roph</createdBy>
<createdTime>2020-05-25 23:14:33 UTC</createdTime>
<generatorID>C8579FA9-EC1D-2E9A-34E9-E50CF7C96ADD</generatorID>
<ownerDesignName>Modelo Relacional</ownerDesignName>
<indexState>Unique Constraint</indexState>
<isSurrogateKey>false</isSurrogateKey>
<indexColumnUsage>
<colUsage columnID="06BF9081-B24F-2223-A9AC-FFBF797AF0E2"/>
<colUsage columnID="54AEF976-8FCB-AD73-A650-2AA028E28E50"/>
<colUsage columnID="BC36D620-E133-847A-F5BF-BCA124320021"/>
</indexColumnUsage>
</ind_PK_UK>
<ind_PK_UK id="1A1B5015-30C3-E14C-459B-92EFD4AC9A40" name="Endereço__IDX">
<createdBy>roph</createdBy>
<createdTime>2020-05-25 23:14:33 UTC</createdTime>
<ownerDesignName>Modelo Relacional</ownerDesignName>
<indexState>Unique Plain Index</indexState>
<isSurrogateKey>false</isSurrogateKey>
<relationGeneratorID>8EF4930F-702F-26E3-FB24-04D23F591568</relationGeneratorID>
<indexColumnUsage>
<colUsage columnID="7AE6B60B-7DCC-0B7A-1EC7-70DB0A6CED25"/>
</indexColumnUsage>
</ind_PK_UK>
<ind_PK_UK id="B365B821-D414-4B6A-A016-03260C5102B1" name="Endereço__IDXv1">
<createdBy>roph</createdBy>
<createdTime>2020-05-25 23:14:33 UTC</createdTime>
<ownerDesignName>Modelo Relacional</ownerDesignName>
<indexState>Unique Plain Index</indexState>
<isSurrogateKey>false</isSurrogateKey>
<relationGeneratorID>CD495D82-AB63-AC46-AB25-743DF1A6720A</relationGeneratorID>
<indexColumnUsage>
<colUsage columnID="75C7BB0B-48B2-DCDD-F0D9-9E18F5D54C51"/>
</indexColumnUsage>
</ind_PK_UK>
<ind_PK_UK id="2E010BD6-0EAB-6781-6437-6CB8E6D5835F" name="Endereço_Cliente_FK">
<createdBy>roph</createdBy>
<createdTime>2020-05-25 23:14:33 UTC</createdTime>
<generatorID>8EF4930F-702F-26E3-FB24-04D23F591568</generatorID>
<ownerDesignName>Modelo Relacional</ownerDesignName>
<indexState>Foreign Key</indexState>
<isSurrogateKey>false</isSurrogateKey>
<indexColumnUsage>
<colUsage columnID="7AE6B60B-7DCC-0B7A-1EC7-70DB0A6CED25"/>
</indexColumnUsage>
</ind_PK_UK>
<ind_PK_UK id="C0CEA9C0-2706-CD6B-9CE3-8CC4D5E7151F" name="Endereço_Vendedor_FK">
<createdBy>roph</createdBy>
<createdTime>2020-05-25 23:14:33 UTC</createdTime>
<generatorID>CD495D82-AB63-AC46-AB25-743DF1A6720A</generatorID>
<ownerDesignName>Modelo Relacional</ownerDesignName>
<indexState>Foreign Key</indexState>
<isSurrogateKey>false</isSurrogateKey>
<indexColumnUsage>
<colUsage columnID="75C7BB0B-48B2-DCDD-F0D9-9E18F5D54C51"/>
</indexColumnUsage>
</ind_PK_UK>
<ind_PK_UK id="2E1BAFD9-F17D-5119-4977-D8E5397651C3" name="Endereço_Atendente_FK">
<createdBy>roph</createdBy>
<createdTime>2020-05-25 23:14:33 UTC</createdTime>
<generatorID>CD495D82-AB63-AC46-AB25-743DF1A6720A</generatorID>
<ownerDesignName>Modelo Relacional</ownerDesignName>
<indexState>Foreign Key</indexState>
<isSurrogateKey>false</isSurrogateKey>
<indexColumnUsage>
<colUsage columnID="75C7BB0B-48B2-DCDD-F0D9-9E18F5D54C51"/>
</indexColumnUsage>
</ind_PK_UK>
</indexes>
</Table>