<?xml version = '1.0' encoding = 'UTF-8'?>
<Table class="oracle.dbtools.crest.model.design.relational.Table" directorySegmentName="seg_0" id="5BA4D48D-4E6A-3BF9-45DF-4A5E4A33D51F" name="Atendimento">
<createdBy>roph</createdBy>
<createdTime>2020-05-25 23:14:33 UTC</createdTime>
<generatorID>D16E8CE6-C98A-8925-90A4-DD9C7EB67C69</generatorID>
<ownerDesignName>Modelo Relacional</ownerDesignName>
<allowColumnReorder>false</allowColumnReorder>
<existDependencyGenerateInDDl>true</existDependencyGenerateInDDl>
<parsed>true</parsed>
<columns itemClass="oracle.dbtools.crest.model.design.relational.Column">
<Column name="ID" id="CE2896B7-859D-2555-ED52-64D1AE6E8C7A">
<createdBy>roph</createdBy>
<createdTime>2020-05-25 23:14:33 UTC</createdTime>
<generatorID>86B050DC-67E0-06A6-D285-DAB4344CA6EB</generatorID>
<ownerDesignName>Modelo Relacional</ownerDesignName>
<use>0</use>
<ownDataTypeParameters>,,</ownDataTypeParameters>
<autoIncrementCycle>false</autoIncrementCycle>
</Column>
<Column name="Protocolo" id="B0F70B23-B911-5462-E6B9-9CD860BF3172">
<createdBy>roph</createdBy>
<createdTime>2020-05-25 23:14:33 UTC</createdTime>
<generatorID>2DBC7387-6D13-9EED-F873-F56CFE0F7EEC</generatorID>
<ownerDesignName>Modelo Relacional</ownerDesignName>
<use>0</use>
<ownDataTypeParameters>,,</ownDataTypeParameters>
<autoIncrementCycle>false</autoIncrementCycle>
</Column>
<Column name="Data" id="2F30A9FD-2030-A8B7-FC68-5ABC778DBDAB">
<createdBy>roph</createdBy>
<createdTime>2020-05-25 23:14:33 UTC</createdTime>
<generatorID>5153CE9C-9922-0F56-E80C-863B13069796</generatorID>
<ownerDesignName>Modelo Relacional</ownerDesignName>
<use>0</use>
<ownDataTypeParameters>,,</ownDataTypeParameters>
<autoIncrementCycle>false</autoIncrementCycle>
</Column>
<Column name="Hora" id="F3D311D7-3C90-F744-CA12-59498FDEA931">
<createdBy>roph</createdBy>
<createdTime>2020-05-25 23:14:33 UTC</createdTime>
<generatorID>B4C10F91-3713-E9EE-4944-E45CE2B4AAAA</generatorID>
<ownerDesignName>Modelo Relacional</ownerDesignName>
<use>0</use>
<ownDataTypeParameters>,,</ownDataTypeParameters>
<autoIncrementCycle>false</autoIncrementCycle>
</Column>
<Column name="Motivo" id="72AE9985-F1FE-B920-FC80-1364099227FA">
<createdBy>roph</createdBy>
<createdTime>2020-05-25 23:14:33 UTC</createdTime>
<generatorID>FAA1FE5F-89E9-8532-38E1-D8CC04C84BE7</generatorID>
<ownerDesignName>Modelo Relacional</ownerDesignName>
<use>0</use>
<ownDataTypeParameters>,,</ownDataTypeParameters>
<autoIncrementCycle>false</autoIncrementCycle>
</Column>
<Column name="Cliente_CPF" id="F8D675B1-5F25-D18D-F921-F53D23595802">
<createdBy>roph</createdBy>
<createdTime>2020-05-25 23:14:33 UTC</createdTime>
<generatorID>B603ECE4-87B5-7DDF-C243-CAC2E08138EE</generatorID>
<ownerDesignName>Modelo Relacional</ownerDesignName>
<use>0</use>
<ownDataTypeParameters>,,</ownDataTypeParameters>
<previousColumn>false</previousColumn>
<autoIncrementCycle>false</autoIncrementCycle>
<associations>
<colAssociation fkAssociation="5F8799FA-D574-9543-930D-FDAB76B308C1" referredColumn="E7434001-A543-1379-3169-E83EC1E1B00B"/>
</associations>
</Column>
<Column name="Atendente_ID" id="E5F5380D-746C-E0CB-3F30-BDEF45E78AB4">
<createdBy>roph</createdBy>
<createdTime>2020-05-25 23:14:33 UTC</createdTime>
<generatorID>05E2333D-B62D-7F65-9F50-9847D3D76E0C</generatorID>
<ownerDesignName>Modelo Relacional</ownerDesignName>
<use>0</use>
<ownDataTypeParameters>,,</ownDataTypeParameters>
<previousColumn>false</previousColumn>
<autoIncrementCycle>false</autoIncrementCycle>
<associations>
<colAssociation fkAssociation="7B62CD1F-F511-08AB-C843-0CEE3362F285" referredColumn="181946F1-1D17-15E5-7C48-41B2C257CBE3"/>
</associations>
</Column>
</columns>
<indexes itemClass="oracle.dbtools.crest.model.design.relational.Index">
<ind_PK_UK id="FAADBDF8-E449-0A1B-FEC8-B2CFEB94744A" name="Atendimento_PK">
<createdBy>roph</createdBy>
<createdTime>2020-05-25 23:14:33 UTC</createdTime>
<generatorID>598F36D6-952D-70B6-3BCC-BBFD34450D5F</generatorID>
<ownerDesignName>Modelo Relacional</ownerDesignName>
<pk>true</pk>
<indexState>Primary Constraint</indexState>
<isSurrogateKey>false</isSurrogateKey>
<indexColumnUsage>
<colUsage columnID="CE2896B7-859D-2555-ED52-64D1AE6E8C7A"/>
</indexColumnUsage>
</ind_PK_UK>
<ind_PK_UK id="B40254FE-640C-D72D-8E1E-0C47385CD4DB" name="Atendimento_Protocolo_UN">
<createdBy>roph</createdBy>
<createdTime>2020-05-25 23:14:33 UTC</createdTime>
<generatorID>60A9E9E2-23D0-CF80-7D43-50F77A3F7630</generatorID>
<ownerDesignName>Modelo Relacional</ownerDesignName>
<indexState>Unique Constraint</indexState>
<isSurrogateKey>false</isSurrogateKey>
<indexColumnUsage>
<colUsage columnID="B0F70B23-B911-5462-E6B9-9CD860BF3172"/>
</indexColumnUsage>
</ind_PK_UK>
<ind_PK_UK id="C6E6E5C9-215E-99D8-A968-58EDD517FC77" name="Atendimento_Cliente_FK">
<createdBy>roph</createdBy>
<createdTime>2020-05-25 23:14:33 UTC</createdTime>
<generatorID>BA6EB13A-8DFB-9579-F9E3-7E882A27FB0C</generatorID>
<ownerDesignName>Modelo Relacional</ownerDesignName>
<indexState>Foreign Key</indexState>
<isSurrogateKey>false</isSurrogateKey>
<indexColumnUsage>
<colUsage columnID="F8D675B1-5F25-D18D-F921-F53D23595802"/>
</indexColumnUsage>
</ind_PK_UK>
<ind_PK_UK id="2AA53320-A1C0-255B-F729-DC928BDF0B3C" name="Atendimento_Atendente_FK">
<createdBy>roph</createdBy>
<createdTime>2020-05-25 23:14:33 UTC</createdTime>
<generatorID>FF14A075-05E9-EB5A-B3F7-992F766930B1</generatorID>
<ownerDesignName>Modelo Relacional</ownerDesignName>
<indexState>Foreign Key</indexState>
<isSurrogateKey>false</isSurrogateKey>
<indexColumnUsage>
<colUsage columnID="E5F5380D-746C-E0CB-3F30-BDEF45E78AB4"/>
</indexColumnUsage>
</ind_PK_UK>
</indexes>
</Table>