<?xml version = '1.0' encoding = 'UTF-8'?>
<Table class="oracle.dbtools.crest.model.design.relational.Table" directorySegmentName="seg_0" id="7DE86B62-C83D-3B45-0496-6E8754F9C5DE" name="Vendedor">
<createdBy>roph</createdBy>
<createdTime>2020-05-25 23:14:33 UTC</createdTime>
<generatorID>4F708A07-1405-60E7-F57C-0A9220D78E3A</generatorID>
<ownerDesignName>Modelo Relacional</ownerDesignName>
<allowColumnReorder>false</allowColumnReorder>
<existDependencyGenerateInDDl>true</existDependencyGenerateInDDl>
<parsed>true</parsed>
<columns itemClass="oracle.dbtools.crest.model.design.relational.Column">
<Column name="ID" id="4CFB6707-77D4-3CE3-B06F-C4A5656C8D3F">
<createdBy>roph</createdBy>
<createdTime>2020-05-25 23:14:33 UTC</createdTime>
<generatorID>32690D4C-DEC0-9E7C-BBE3-CE51F6FC5F36</generatorID>
<ownerDesignName>Modelo Relacional</ownerDesignName>
<use>0</use>
<ownDataTypeParameters>,,</ownDataTypeParameters>
<autoIncrementCycle>false</autoIncrementCycle>
</Column>
<Column name="Matrícula" id="7F19F5A5-C7B4-4123-E469-9E40A4913C1F">
<createdBy>roph</createdBy>
<createdTime>2020-05-25 23:14:33 UTC</createdTime>
<generatorID>36BE5F3D-3AA6-1C9E-0648-F08F2443AD46</generatorID>
<ownerDesignName>Modelo Relacional</ownerDesignName>
<use>0</use>
<ownDataTypeParameters>,,</ownDataTypeParameters>
<autoIncrementCycle>false</autoIncrementCycle>
</Column>
<Column name="CPF" id="3E1F759E-310D-B2A3-8A2B-D57E81BB6342">
<createdBy>roph</createdBy>
<createdTime>2020-05-25 23:14:33 UTC</createdTime>
<generatorID>C29DF7C2-236B-66FC-DA4A-720636E34B75</generatorID>
<ownerDesignName>Modelo Relacional</ownerDesignName>
<use>0</use>
<ownDataTypeParameters>,,</ownDataTypeParameters>
<autoIncrementCycle>false</autoIncrementCycle>
</Column>
<Column name="Carteira_deTrabalho" id="C26A926A-0533-4877-7E40-06206C1C5780">
<createdBy>roph</createdBy>
<createdTime>2020-05-25 23:14:33 UTC</createdTime>
<generatorID>04899C52-EA5B-9EBF-E069-CAB0510CCA00</generatorID>
<ownerDesignName>Modelo Relacional</ownerDesignName>
<use>0</use>
<ownDataTypeParameters>,,</ownDataTypeParameters>
<autoIncrementCycle>false</autoIncrementCycle>
</Column>
<Column name="Telefone" id="41819190-6804-B9A7-E275-15263235CADA">
<createdBy>roph</createdBy>
<createdTime>2020-05-25 23:14:33 UTC</createdTime>
<generatorID>1D34AA7F-DACC-B56E-37B2-796D27281847</generatorID>
<ownerDesignName>Modelo Relacional</ownerDesignName>
<use>0</use>
<ownDataTypeParameters>,,</ownDataTypeParameters>
<autoIncrementCycle>false</autoIncrementCycle>
</Column>
<Column name="Telefone2" id="39C8B3BF-0192-271D-1B2E-DFCB0E03F469">
<createdBy>roph</createdBy>
<createdTime>2020-05-25 23:14:33 UTC</createdTime>
<generatorID>342700E7-4711-0942-68EC-5BF3E5653CC7</generatorID>
<ownerDesignName>Modelo Relacional</ownerDesignName>
<nullsAllowed>true</nullsAllowed>
<use>0</use>
<ownDataTypeParameters>,,</ownDataTypeParameters>
<autoIncrementCycle>false</autoIncrementCycle>
</Column>
<Column name="E-mail" id="74741486-4165-5105-BB23-0D4D463A904C">
<createdBy>roph</createdBy>
<createdTime>2020-05-25 23:14:33 UTC</createdTime>
<generatorID>99D0F804-0F07-9B5A-BFC4-DB4FA7493676</generatorID>
<ownerDesignName>Modelo Relacional</ownerDesignName>
<nullsAllowed>true</nullsAllowed>
<use>0</use>
<ownDataTypeParameters>,,</ownDataTypeParameters>
<autoIncrementCycle>false</autoIncrementCycle>
</Column>
<Column name="Endereço_ID" id="4452077B-B75B-9A90-1F14-16C6C612AC6B">
<createdBy>roph</createdBy>
<createdTime>2020-05-25 23:14:33 UTC</createdTime>
<generatorID>891E6F11-F53F-FA21-85F8-16AEA7FE6D2C</generatorID>
<ownerDesignName>Modelo Relacional</ownerDesignName>
<use>0</use>
<ownDataTypeParameters>,,</ownDataTypeParameters>
<previousColumn>false</previousColumn>
<autoIncrementCycle>false</autoIncrementCycle>
<associations>
<colAssociation fkAssociation="34A18E70-89DB-E26B-9085-A85D7C61F0F7" referredColumn="175534BE-D06A-FB9E-51E0-4A5EAC3A8396"/>
</associations>
</Column>
<Column name="Nome" id="8E3B8944-E6B4-7FF3-7906-78A7F1A5D270">
<createdBy>roph</createdBy>
<createdTime>2020-05-25 23:14:33 UTC</createdTime>
<generatorID>17250047-F787-8F33-0E5F-4E6217A73B74</generatorID>
<ownerDesignName>Modelo Relacional</ownerDesignName>
<use>0</use>
<ownDataTypeParameters>,,</ownDataTypeParameters>
<autoIncrementCycle>false</autoIncrementCycle>
</Column>
</columns>
<indexes itemClass="oracle.dbtools.crest.model.design.relational.Index">
<ind_PK_UK id="708D9FE7-44BD-9D33-5FD0-D5B70F59E224" name="Vendedor_PK">
<createdBy>roph</createdBy>
<createdTime>2020-05-25 23:14:33 UTC</createdTime>
<generatorID>11FEC94A-6832-4FB1-E51E-9C1130D769D9</generatorID>
<ownerDesignName>Modelo Relacional</ownerDesignName>
<pk>true</pk>
<indexState>Primary Constraint</indexState>
<isSurrogateKey>false</isSurrogateKey>
<indexColumnUsage>
<colUsage columnID="4CFB6707-77D4-3CE3-B06F-C4A5656C8D3F"/>
</indexColumnUsage>
</ind_PK_UK>
<ind_PK_UK id="F50D23C1-4133-6387-F363-C857D402F46C" name="Vendedor_Matrícula_UN">
<createdBy>roph</createdBy>
<createdTime>2020-05-25 23:14:33 UTC</createdTime>
<generatorID>59FD3461-C917-390B-172F-91A2647F85AD</generatorID>
<ownerDesignName>Modelo Relacional</ownerDesignName>
<indexState>Unique Constraint</indexState>
<isSurrogateKey>false</isSurrogateKey>
<indexColumnUsage>
<colUsage columnID="7F19F5A5-C7B4-4123-E469-9E40A4913C1F"/>
</indexColumnUsage>
</ind_PK_UK>
<ind_PK_UK id="7F77149F-8E62-D285-9F61-494DA44B4260" name="Vendedor__IDX">
<createdBy>roph</createdBy>
<createdTime>2020-05-25 23:14:33 UTC</createdTime>
<ownerDesignName>Modelo Relacional</ownerDesignName>
<indexState>Unique Plain Index</indexState>
<isSurrogateKey>false</isSurrogateKey>
<relationGeneratorID>CD495D82-AB63-AC46-AB25-743DF1A6720A</relationGeneratorID>
<indexColumnUsage>
<colUsage columnID="4452077B-B75B-9A90-1F14-16C6C612AC6B"/>
</indexColumnUsage>
</ind_PK_UK>
<ind_PK_UK id="6A9D1F15-09E8-4825-D4CC-19948CB5D06B" name="Vendedor_Endereço_FK">
<createdBy>roph</createdBy>
<createdTime>2020-05-25 23:14:33 UTC</createdTime>
<generatorID>CD495D82-AB63-AC46-AB25-743DF1A6720A</generatorID>
<ownerDesignName>Modelo Relacional</ownerDesignName>
<indexState>Foreign Key</indexState>
<isSurrogateKey>false</isSurrogateKey>
<indexColumnUsage>
<colUsage columnID="4452077B-B75B-9A90-1F14-16C6C612AC6B"/>
</indexColumnUsage>
</ind_PK_UK>
</indexes>
</Table>