<?xml version = '1.0' encoding = 'UTF-8'?>
<Table class="oracle.dbtools.crest.model.design.relational.Table" directorySegmentName="seg_0" id="B61C7893-285C-6A2A-DD3B-4F1B3B8B7AA9" name="Venda">
<createdBy>roph</createdBy>
<createdTime>2020-05-25 23:14:33 UTC</createdTime>
<generatorID>270C06C0-E1CF-59E2-4B24-6E6647895A43</generatorID>
<ownerDesignName>Modelo Relacional</ownerDesignName>
<allowColumnReorder>false</allowColumnReorder>
<existDependencyGenerateInDDl>true</existDependencyGenerateInDDl>
<parsed>true</parsed>
<columns itemClass="oracle.dbtools.crest.model.design.relational.Column">
<Column name="ID" id="CF9F4287-99A2-B9F1-BA7A-E5FE874CD3F0">
<createdBy>roph</createdBy>
<createdTime>2020-05-25 23:14:33 UTC</createdTime>
<generatorID>B0009C94-FE64-152E-0209-D17B0A59BE74</generatorID>
<ownerDesignName>Modelo Relacional</ownerDesignName>
<use>0</use>
<ownDataTypeParameters>,,</ownDataTypeParameters>
<autoIncrementCycle>false</autoIncrementCycle>
</Column>
<Column name="Nota_fiscal" id="7540E58C-985D-F3D9-36C5-518263C5EEE7">
<createdBy>roph</createdBy>
<createdTime>2020-05-25 23:14:33 UTC</createdTime>
<generatorID>3A113718-83B3-5180-45D1-FF894C01904D</generatorID>
<ownerDesignName>Modelo Relacional</ownerDesignName>
<use>0</use>
<ownDataTypeParameters>,,</ownDataTypeParameters>
<autoIncrementCycle>false</autoIncrementCycle>
</Column>
<Column name="Data" id="7CD8A89C-49C8-5C66-C6CA-BF457D73B040">
<createdBy>roph</createdBy>
<createdTime>2020-05-25 23:14:33 UTC</createdTime>
<generatorID>453EC7FD-6967-4FA0-3EE7-B2160DD05169</generatorID>
<ownerDesignName>Modelo Relacional</ownerDesignName>
<use>0</use>
<ownDataTypeParameters>,,</ownDataTypeParameters>
<autoIncrementCycle>false</autoIncrementCycle>
</Column>
<Column name="Hora" id="6CABE066-0EEC-4675-438E-03EED50F760C">
<createdBy>roph</createdBy>
<createdTime>2020-05-25 23:14:33 UTC</createdTime>
<generatorID>8287622A-31AD-86A1-638D-C3BFBEFA5D78</generatorID>
<ownerDesignName>Modelo Relacional</ownerDesignName>
<use>0</use>
<ownDataTypeParameters>,,</ownDataTypeParameters>
<autoIncrementCycle>false</autoIncrementCycle>
</Column>
<Column name="Total" id="AD3BA907-3844-B47E-3332-431A74C20F37">
<createdBy>roph</createdBy>
<createdTime>2020-05-25 23:14:33 UTC</createdTime>
<generatorID>845C6038-6590-DEC3-46C7-71206AF97FDB</generatorID>
<ownerDesignName>Modelo Relacional</ownerDesignName>
<use>0</use>
<ownDataTypeParameters>,,</ownDataTypeParameters>
<autoIncrementCycle>false</autoIncrementCycle>
</Column>
<Column name="Forma_de_pagamento" id="A5E36E0C-EA59-72AB-228E-D718451F2ADA">
<createdBy>roph</createdBy>
<createdTime>2020-05-25 23:14:33 UTC</createdTime>
<generatorID>77FCC87F-DC0C-3688-771F-1D6A250F6F1B</generatorID>
<ownerDesignName>Modelo Relacional</ownerDesignName>
<use>0</use>
<ownDataTypeParameters>,,</ownDataTypeParameters>
<autoIncrementCycle>false</autoIncrementCycle>
</Column>
<Column name="Cliente_CPF" id="2314F94D-7A87-8DAF-B9EF-09A0F94E1689">
<createdBy>roph</createdBy>
<createdTime>2020-05-25 23:14:33 UTC</createdTime>
<generatorID>B9297A08-F2B6-E650-62E8-A5FB9412D851</generatorID>
<ownerDesignName>Modelo Relacional</ownerDesignName>
<use>0</use>
<ownDataTypeParameters>,,</ownDataTypeParameters>
<previousColumn>false</previousColumn>
<autoIncrementCycle>false</autoIncrementCycle>
<associations>
<colAssociation fkAssociation="E4A85967-BF85-17FB-97AB-DAEB8FED9E34" referredColumn="E7434001-A543-1379-3169-E83EC1E1B00B"/>
</associations>
</Column>
<Column name="Vendedor_ID" id="DAEE3105-857B-2CA5-D7E3-901D76CDF296">
<createdBy>roph</createdBy>
<createdTime>2020-05-25 23:14:33 UTC</createdTime>
<generatorID>BF2B1917-9918-8D70-E679-D9C3CEAA1A0E</generatorID>
<ownerDesignName>Modelo Relacional</ownerDesignName>
<use>0</use>
<ownDataTypeParameters>,,</ownDataTypeParameters>
<previousColumn>false</previousColumn>
<autoIncrementCycle>false</autoIncrementCycle>
<associations>
<colAssociation fkAssociation="23C3A853-D111-2E76-EAAE-292E66DDC603" referredColumn="4CFB6707-77D4-3CE3-B06F-C4A5656C8D3F"/>
</associations>
</Column>
</columns>
<indexes itemClass="oracle.dbtools.crest.model.design.relational.Index">
<ind_PK_UK id="29379F88-23FA-B81F-1A33-4CF24010B735" name="Venda_PK">
<createdBy>roph</createdBy>
<createdTime>2020-05-25 23:14:33 UTC</createdTime>
<generatorID>294EE385-9060-E0C7-4052-EC5F6C0D0953</generatorID>
<ownerDesignName>Modelo Relacional</ownerDesignName>
<pk>true</pk>
<indexState>Primary Constraint</indexState>
<isSurrogateKey>false</isSurrogateKey>
<indexColumnUsage>
<colUsage columnID="CF9F4287-99A2-B9F1-BA7A-E5FE874CD3F0"/>
</indexColumnUsage>
</ind_PK_UK>
<ind_PK_UK id="0E2A6403-3055-6E2D-BAF0-ADEA9AC3C714" name="Venda_Nota_fiscal_UN">
<createdBy>roph</createdBy>
<createdTime>2020-05-25 23:14:33 UTC</createdTime>
<generatorID>000D74DA-B5C8-0B2C-AA33-5367A296CEB4</generatorID>
<ownerDesignName>Modelo Relacional</ownerDesignName>
<indexState>Unique Constraint</indexState>
<isSurrogateKey>false</isSurrogateKey>
<indexColumnUsage>
<colUsage columnID="7540E58C-985D-F3D9-36C5-518263C5EEE7"/>
</indexColumnUsage>
</ind_PK_UK>
<ind_PK_UK id="2A82B6E7-F48A-BF5B-A280-13C21B948A38" name="Venda_Cliente_FK">
<createdBy>roph</createdBy>
<createdTime>2020-05-25 23:14:33 UTC</createdTime>
<generatorID>A66B72EF-0147-C697-9904-E0B544F3C596</generatorID>
<ownerDesignName>Modelo Relacional</ownerDesignName>
<indexState>Foreign Key</indexState>
<isSurrogateKey>false</isSurrogateKey>
<indexColumnUsage>
<colUsage columnID="2314F94D-7A87-8DAF-B9EF-09A0F94E1689"/>
</indexColumnUsage>
</ind_PK_UK>
<ind_PK_UK id="5F71EDFF-5B03-04CE-383F-FB0D27987053" name="Venda_Vendedor_FK">
<createdBy>roph</createdBy>
<createdTime>2020-05-25 23:14:33 UTC</createdTime>
<generatorID>4FD15CD5-9F6A-A70F-6287-869B30EFCE73</generatorID>
<ownerDesignName>Modelo Relacional</ownerDesignName>
<indexState>Foreign Key</indexState>
<isSurrogateKey>false</isSurrogateKey>
<indexColumnUsage>
<colUsage columnID="DAEE3105-857B-2CA5-D7E3-901D76CDF296"/>
</indexColumnUsage>
</ind_PK_UK>
</indexes>
</Table>