<?xml version = '1.0' encoding = 'UTF-8'?>
<Table class="oracle.dbtools.crest.model.design.relational.Table" directorySegmentName="seg_0" id="DD5F7568-2BAA-D9B2-85DA-0F0C29302BF1" name="Item">
<createdBy>roph</createdBy>
<createdTime>2020-05-25 23:14:33 UTC</createdTime>
<generatorID>6123F911-50A7-3557-5AD1-9C829944D909</generatorID>
<ownerDesignName>Modelo Relacional</ownerDesignName>
<allowColumnReorder>false</allowColumnReorder>
<existDependencyGenerateInDDl>true</existDependencyGenerateInDDl>
<parsed>true</parsed>
<columns itemClass="oracle.dbtools.crest.model.design.relational.Column">
<Column name="ID" id="F25E68AA-C34C-0F7B-A725-741EB4FD97C4">
<createdBy>roph</createdBy>
<createdTime>2020-05-25 23:14:33 UTC</createdTime>
<generatorID>7F208E2F-C88E-997C-A201-17B4E339E6CE</generatorID>
<ownerDesignName>Modelo Relacional</ownerDesignName>
<use>0</use>
<ownDataTypeParameters>,,</ownDataTypeParameters>
<autoIncrementCycle>false</autoIncrementCycle>
</Column>
<Column name="Quantidade" id="13D2B198-278E-69E2-E19F-45C09EA0843C">
<createdBy>roph</createdBy>
<createdTime>2020-05-25 23:14:33 UTC</createdTime>
<generatorID>21419B3B-9555-FD80-9186-30808A05DEAC</generatorID>
<ownerDesignName>Modelo Relacional</ownerDesignName>
<use>0</use>
<ownDataTypeParameters>,,</ownDataTypeParameters>
<autoIncrementCycle>false</autoIncrementCycle>
</Column>
<Column name="Venda_Nota_fiscal" id="E215795D-D1EE-93F8-E7E8-F4928916817E">
<createdBy>roph</createdBy>
<createdTime>2020-05-25 23:14:33 UTC</createdTime>
<generatorID>71409C29-8099-4C10-4495-4B40A5AA26F7</generatorID>
<ownerDesignName>Modelo Relacional</ownerDesignName>
<use>0</use>
<ownDataTypeParameters>,,</ownDataTypeParameters>
<previousColumn>false</previousColumn>
<autoIncrementCycle>false</autoIncrementCycle>
<associations>
<colAssociation fkAssociation="2E66C284-3ABF-6ADB-B58B-A8A3D1D6C445" referredColumn="7540E58C-985D-F3D9-36C5-518263C5EEE7"/>
</associations>
</Column>
<Column name="Marca" id="4012A771-2760-5210-62B8-8551A23C10A4">
<createdBy>roph</createdBy>
<createdTime>2020-05-25 23:14:33 UTC</createdTime>
<generatorID>3A2FE646-2F72-8F4C-2B53-43F9228A0294</generatorID>
<ownerDesignName>Modelo Relacional</ownerDesignName>
<use>0</use>
<ownDataTypeParameters>,,</ownDataTypeParameters>
<previousColumn>false</previousColumn>
<autoIncrementCycle>false</autoIncrementCycle>
</Column>
<Column name="Modelo" id="06BBE6D1-3362-485E-0436-04C503ED09F9">
<createdBy>roph</createdBy>
<createdTime>2020-05-25 23:14:33 UTC</createdTime>
<generatorID>67DE75D6-E178-1879-2EA7-13D50DDCC228</generatorID>
<ownerDesignName>Modelo Relacional</ownerDesignName>
<use>0</use>
<ownDataTypeParameters>,,</ownDataTypeParameters>
<previousColumn>false</previousColumn>
<autoIncrementCycle>false</autoIncrementCycle>
</Column>
<Column name="Produto_ID" id="37C6DD1D-1F80-D010-17FB-ACC1BDE47B1B">
<createdBy>roph</createdBy>
<createdTime>2020-05-25 23:14:33 UTC</createdTime>
<generatorID>94546391-F2F5-B4FC-CC4C-A4E718E8395D</generatorID>
<ownerDesignName>Modelo Relacional</ownerDesignName>
<use>0</use>
<ownDataTypeParameters>,,</ownDataTypeParameters>
<previousColumn>false</previousColumn>
<autoIncrementCycle>false</autoIncrementCycle>
<associations>
<colAssociation fkAssociation="444FF58A-4EDE-4C49-F400-CBD8CEEA4FB1" referredColumn="DA16721A-65EC-B1CD-82A0-33FAA761CD61"/>
</associations>
</Column>
</columns>
<indexes itemClass="oracle.dbtools.crest.model.design.relational.Index">
<ind_PK_UK id="7880E137-4161-6C8B-2F82-B1FCFC013163" name="Item_PK">
<createdBy>roph</createdBy>
<createdTime>2020-05-25 23:14:33 UTC</createdTime>
<generatorID>F91D82C4-99FF-C68F-41EF-AD6AE3302CA4</generatorID>
<ownerDesignName>Modelo Relacional</ownerDesignName>
<pk>true</pk>
<indexState>Primary Constraint</indexState>
<isSurrogateKey>false</isSurrogateKey>
<indexColumnUsage>
<colUsage columnID="F25E68AA-C34C-0F7B-A725-741EB4FD97C4"/>
</indexColumnUsage>
</ind_PK_UK>
<ind_PK_UK id="698B677B-CA56-E90C-04AA-37D900DB1919" name="Item_ID_UN">
<createdBy>roph</createdBy>
<createdTime>2020-05-25 23:14:33 UTC</createdTime>
<generatorID>0DAF3D85-C751-2900-26E0-A521564F1149</generatorID>
<ownerDesignName>Modelo Relacional</ownerDesignName>
<indexState>Unique Constraint</indexState>
<isSurrogateKey>false</isSurrogateKey>
<indexColumnUsage>
<colUsage columnID="F25E68AA-C34C-0F7B-A725-741EB4FD97C4"/>
</indexColumnUsage>
</ind_PK_UK>
<ind_PK_UK id="0428BF1B-7183-6B7D-5098-86EED1C935B2" name="Item_Venda_FK">
<createdBy>roph</createdBy>
<createdTime>2020-05-25 23:14:33 UTC</createdTime>
<generatorID>DAF2849F-8195-22AC-3120-3E963E2CE822</generatorID>
<ownerDesignName>Modelo Relacional</ownerDesignName>
<indexState>Foreign Key</indexState>
<isSurrogateKey>false</isSurrogateKey>
<indexColumnUsage>
<colUsage columnID="E215795D-D1EE-93F8-E7E8-F4928916817E"/>
</indexColumnUsage>
</ind_PK_UK>
<ind_PK_UK id="BCADE8C8-72B9-5DD6-51AC-54F279621C4E" name="Item_Produto_FK">
<createdBy>roph</createdBy>
<createdTime>2020-05-25 23:14:33 UTC</createdTime>
<generatorID>9868C3F8-C291-BC25-E045-415EF0EEE82D</generatorID>
<ownerDesignName>Modelo Relacional</ownerDesignName>
<indexState>Foreign Key</indexState>
<isSurrogateKey>false</isSurrogateKey>
<indexColumnUsage>
<colUsage columnID="37C6DD1D-1F80-D010-17FB-ACC1BDE47B1B"/>
</indexColumnUsage>
</ind_PK_UK>
</indexes>
</Table>