<?xml version = '1.0' encoding = 'UTF-8'?>
<Table class="oracle.dbtools.crest.model.design.relational.Table" directorySegmentName="seg_0" id="E136CB43-2C8D-3B2C-60C3-7A6833E695CC" name="Produto">
<createdBy>roph</createdBy>
<createdTime>2020-05-25 23:14:33 UTC</createdTime>
<generatorID>D33B719B-F7B0-4244-14EB-833FEE0ED3D2</generatorID>
<ownerDesignName>Modelo Relacional</ownerDesignName>
<allowColumnReorder>false</allowColumnReorder>
<existDependencyGenerateInDDl>true</existDependencyGenerateInDDl>
<parsed>true</parsed>
<columns itemClass="oracle.dbtools.crest.model.design.relational.Column">
<Column name="ID" id="DA16721A-65EC-B1CD-82A0-33FAA761CD61">
<createdBy>roph</createdBy>
<createdTime>2020-05-25 23:14:33 UTC</createdTime>
<generatorID>B689ADFD-E659-470F-9BF2-413149CA0CA1</generatorID>
<ownerDesignName>Modelo Relacional</ownerDesignName>
<use>0</use>
<ownDataTypeParameters>,,</ownDataTypeParameters>
<autoIncrementCycle>false</autoIncrementCycle>
</Column>
<Column name="Marca" id="F6DB1E7E-B93B-0685-0E02-984F1E391BC6">
<createdBy>roph</createdBy>
<createdTime>2020-05-25 23:14:33 UTC</createdTime>
<generatorID>4EDE977B-00E1-4FEF-B171-B5AC64F9E7F0</generatorID>
<ownerDesignName>Modelo Relacional</ownerDesignName>
<use>0</use>
<ownDataTypeParameters>,,</ownDataTypeParameters>
<autoIncrementCycle>false</autoIncrementCycle>
</Column>
<Column name="Modelo" id="BBFCB55D-9801-39C8-6437-EFC14384FF04">
<createdBy>roph</createdBy>
<createdTime>2020-05-25 23:14:33 UTC</createdTime>
<generatorID>6B2EF6A0-71DC-3561-109D-78A486D575E0</generatorID>
<ownerDesignName>Modelo Relacional</ownerDesignName>
<use>0</use>
<ownDataTypeParameters>,,</ownDataTypeParameters>
<autoIncrementCycle>false</autoIncrementCycle>
</Column>
<Column name="Valor" id="6E67543D-8F93-A8BE-ED20-F292FC414089">
<createdBy>roph</createdBy>
<createdTime>2020-05-25 23:14:33 UTC</createdTime>
<generatorID>6908D576-6124-2C7E-6554-1143478E8500</generatorID>
<ownerDesignName>Modelo Relacional</ownerDesignName>
<use>0</use>
<ownDataTypeParameters>,,</ownDataTypeParameters>
<autoIncrementCycle>false</autoIncrementCycle>
</Column>
<Column name="Quantidade" id="BEB8A4C6-9AD2-B877-63D3-626F8E028B33">
<createdBy>roph</createdBy>
<createdTime>2020-05-25 23:14:33 UTC</createdTime>
<generatorID>6BF6377A-1032-123E-8303-2A030BE4880B</generatorID>
<ownerDesignName>Modelo Relacional</ownerDesignName>
<use>0</use>
<ownDataTypeParameters>,,</ownDataTypeParameters>
<autoIncrementCycle>false</autoIncrementCycle>
</Column>
</columns>
<indexes itemClass="oracle.dbtools.crest.model.design.relational.Index">
<ind_PK_UK id="A83419D8-149A-16E8-7B13-BD74FE5BED55" name="Produto_PK">
<createdBy>roph</createdBy>
<createdTime>2020-05-25 23:14:33 UTC</createdTime>
<generatorID>E9834224-4481-9582-50F4-E7E31C3D7C26</generatorID>
<ownerDesignName>Modelo Relacional</ownerDesignName>
<pk>true</pk>
<indexState>Primary Constraint</indexState>
<isSurrogateKey>false</isSurrogateKey>
<indexColumnUsage>
<colUsage columnID="DA16721A-65EC-B1CD-82A0-33FAA761CD61"/>
</indexColumnUsage>
</ind_PK_UK>
<ind_PK_UK id="16E4258A-E484-610E-3656-782D22BB28B3" name="Produto_Marca_Modelo_UN">
<createdBy>roph</createdBy>
<createdTime>2020-05-25 23:14:33 UTC</createdTime>
<generatorID>61E27525-2784-0A74-319A-DD9FA8A6DA04</generatorID>
<ownerDesignName>Modelo Relacional</ownerDesignName>
<indexState>Unique Constraint</indexState>
<isSurrogateKey>false</isSurrogateKey>
<indexColumnUsage>
<colUsage columnID="F6DB1E7E-B93B-0685-0E02-984F1E391BC6"/>
<colUsage columnID="BBFCB55D-9801-39C8-6437-EFC14384FF04"/>
</indexColumnUsage>
</ind_PK_UK>
</indexes>
</Table>