<?xml version = '1.0' encoding = 'UTF-8'?>
<Table class="oracle.dbtools.crest.model.design.relational.Table" directorySegmentName="seg_0" id="FEAC28F0-A5E3-5664-80AA-5413BEEF69FA" name="Cliente">
<createdBy>roph</createdBy>
<createdTime>2020-05-25 23:14:33 UTC</createdTime>
<generatorID>2A284F69-406F-C088-812D-8E7D995ECBCA</generatorID>
<ownerDesignName>Modelo Relacional</ownerDesignName>
<allowColumnReorder>false</allowColumnReorder>
<existDependencyGenerateInDDl>true</existDependencyGenerateInDDl>
<parsed>true</parsed>
<columns itemClass="oracle.dbtools.crest.model.design.relational.Column">
<Column name="ID" id="FB728E72-9D67-99FE-1508-855980028F5A">
<createdBy>roph</createdBy>
<createdTime>2020-05-25 23:14:33 UTC</createdTime>
<generatorID>A7E013F5-0E6C-B721-FD0C-BF0687A34FCF</generatorID>
<ownerDesignName>Modelo Relacional</ownerDesignName>
<use>0</use>
<ownDataTypeParameters>,,</ownDataTypeParameters>
<autoIncrementCycle>false</autoIncrementCycle>
</Column>
<Column name="CPF" id="E7434001-A543-1379-3169-E83EC1E1B00B">
<createdBy>roph</createdBy>
<createdTime>2020-05-25 23:14:33 UTC</createdTime>
<generatorID>B843B0B4-EB2A-024D-AB13-D9B5C9C77F48</generatorID>
<ownerDesignName>Modelo Relacional</ownerDesignName>
<use>0</use>
<ownDataTypeParameters>,,</ownDataTypeParameters>
<autoIncrementCycle>false</autoIncrementCycle>
</Column>
<Column name="Nome" id="82A989B1-761C-55A6-C688-48974BF4F989">
<createdBy>roph</createdBy>
<createdTime>2020-05-25 23:14:33 UTC</createdTime>
<generatorID>A1E1B463-AFC1-6D3C-3343-877C37B8C11A</generatorID>
<ownerDesignName>Modelo Relacional</ownerDesignName>
<use>0</use>
<ownDataTypeParameters>,,</ownDataTypeParameters>
<autoIncrementCycle>false</autoIncrementCycle>
</Column>
<Column name="Telefone1" id="364FFD94-06D7-9310-AB8A-F7B1404469A2">
<createdBy>roph</createdBy>
<createdTime>2020-05-25 23:14:33 UTC</createdTime>
<generatorID>1D10CA35-FA88-DC29-ED1F-2E4A627FF21F</generatorID>
<ownerDesignName>Modelo Relacional</ownerDesignName>
<use>0</use>
<ownDataTypeParameters>,,</ownDataTypeParameters>
<autoIncrementCycle>false</autoIncrementCycle>
</Column>
<Column name="Telefone2" id="DDC209D0-CD20-B692-B18A-3AF9162B11BE">
<createdBy>roph</createdBy>
<createdTime>2020-05-25 23:14:33 UTC</createdTime>
<generatorID>5AFFFD1E-F5E8-9A23-CC0D-225578D33123</generatorID>
<ownerDesignName>Modelo Relacional</ownerDesignName>
<nullsAllowed>true</nullsAllowed>
<use>0</use>
<ownDataTypeParameters>,,</ownDataTypeParameters>
<autoIncrementCycle>false</autoIncrementCycle>
</Column>
<Column name="Email" id="50956182-4512-F791-9441-0DEAD9554906">
<createdBy>roph</createdBy>
<createdTime>2020-05-25 23:14:33 UTC</createdTime>
<generatorID>DC12FF49-8CA7-1B27-6806-69BFAD1AAC2D</generatorID>
<ownerDesignName>Modelo Relacional</ownerDesignName>
<nullsAllowed>true</nullsAllowed>
<use>0</use>
<ownDataTypeParameters>,,</ownDataTypeParameters>
<autoIncrementCycle>false</autoIncrementCycle>
</Column>
<Column name="Endereço_ID" id="A4A8F689-D6B3-3AB1-7522-91555E647BC7">
<createdBy>roph</createdBy>
<createdTime>2020-05-25 23:14:33 UTC</createdTime>
<generatorID>E93A5284-40A5-DF2F-D732-CC2FD0F2A203</generatorID>
<ownerDesignName>Modelo Relacional</ownerDesignName>
<use>0</use>
<ownDataTypeParameters>,,</ownDataTypeParameters>
<previousColumn>false</previousColumn>
<autoIncrementCycle>false</autoIncrementCycle>
<associations>
<colAssociation fkAssociation="D66E6653-D3AE-648F-1017-EDADC3B6F1E6" referredColumn="175534BE-D06A-FB9E-51E0-4A5EAC3A8396"/>
</associations>
</Column>
</columns>
<indexes itemClass="oracle.dbtools.crest.model.design.relational.Index">
<ind_PK_UK id="A5D87B47-97DB-4657-FFC0-C14F152B211B" name="Cliente_PK">
<createdBy>roph</createdBy>
<createdTime>2020-05-25 23:14:33 UTC</createdTime>
<generatorID>BFD57F3F-85B0-0110-DEFC-2718A9A5071C</generatorID>
<ownerDesignName>Modelo Relacional</ownerDesignName>
<pk>true</pk>
<indexState>Primary Constraint</indexState>
<isSurrogateKey>false</isSurrogateKey>
<indexColumnUsage>
<colUsage columnID="FB728E72-9D67-99FE-1508-855980028F5A"/>
</indexColumnUsage>
</ind_PK_UK>
<ind_PK_UK id="DAEE0396-44E9-C16F-FB29-05CE86D497FC" name="Cliente_CPF_UN">
<createdBy>roph</createdBy>
<createdTime>2020-05-25 23:14:33 UTC</createdTime>
<generatorID>8418A04B-509D-31E9-CA39-8490185F8783</generatorID>
<ownerDesignName>Modelo Relacional</ownerDesignName>
<indexState>Unique Constraint</indexState>
<isSurrogateKey>false</isSurrogateKey>
<indexColumnUsage>
<colUsage columnID="E7434001-A543-1379-3169-E83EC1E1B00B"/>
</indexColumnUsage>
</ind_PK_UK>
<ind_PK_UK id="E231D2F1-7F9A-D3C5-21DC-8EC55095880B" name="Cliente_ID_UN">
<createdBy>roph</createdBy>
<createdTime>2020-05-25 23:14:33 UTC</createdTime>
<generatorID>B452F622-0488-D8A6-2581-6DADD36D9B1C</generatorID>
<ownerDesignName>Modelo Relacional</ownerDesignName>
<indexState>Unique Constraint</indexState>
<isSurrogateKey>false</isSurrogateKey>
<indexColumnUsage>
<colUsage columnID="FB728E72-9D67-99FE-1508-855980028F5A"/>
</indexColumnUsage>
</ind_PK_UK>
<ind_PK_UK id="3FF475FE-979C-BCA5-48F5-0DF2F3EB3D65" name="Cliente__IDX">
<createdBy>roph</createdBy>
<createdTime>2020-05-25 23:14:33 UTC</createdTime>
<ownerDesignName>Modelo Relacional</ownerDesignName>
<indexState>Unique Plain Index</indexState>
<isSurrogateKey>false</isSurrogateKey>
<relationGeneratorID>8EF4930F-702F-26E3-FB24-04D23F591568</relationGeneratorID>
<indexColumnUsage>
<colUsage columnID="A4A8F689-D6B3-3AB1-7522-91555E647BC7"/>
</indexColumnUsage>
</ind_PK_UK>
<ind_PK_UK id="8E46633C-CAB3-7AAC-90C0-6C195F97D7C3" name="Cliente_Endereço_FK">
<createdBy>roph</createdBy>
<createdTime>2020-05-25 23:14:33 UTC</createdTime>
<generatorID>8EF4930F-702F-26E3-FB24-04D23F591568</generatorID>
<ownerDesignName>Modelo Relacional</ownerDesignName>
<indexState>Foreign Key</indexState>
<isSurrogateKey>false</isSurrogateKey>
<indexColumnUsage>
<colUsage columnID="A4A8F689-D6B3-3AB1-7522-91555E647BC7"/>
</indexColumnUsage>
</ind_PK_UK>
</indexes>
</Table>