<?xml version = '1.0' encoding = 'UTF-8'?>
<Diagram class="oracle.dbtools.crest.swingui.relational.DPVRelational" name="Relational_1" id="C365686D-8F5D-764B-C66B-54C1C8F17075">
<createdBy>roph</createdBy>
<modifiedBy>roph</modifiedBy>
<createdTime>2020-03-20 23:17:04 UTC</createdTime>
<autoRoute>false</autoRoute>
<boxInbox>true</boxInbox>
<showLegend>false</showLegend>
<showLabels>false</showLabels>
<showRelAttributes>false</showRelAttributes>
<gridEnabled>false</gridEnabled>
<showGrid>false</showGrid>
<diagramColor>-1</diagramColor>
<display>false</display>
<notation>1</notation>
<objectViews>
<OView class="oracle.dbtools.crest.swingui.relational.TVTable" oid="457F9482-6866-3616-AA78-A3E2EBE27D61" otype="Table" vid="94B1ECAC-8A0E-25A4-741E-ACDC6F853818">
<hideElementsInCurrentOnly>false</hideElementsInCurrentOnly>
<bounds x="1481" y="543" width="224" height="225"/>
</OView>
<OView class="oracle.dbtools.crest.swingui.relational.TVTable" oid="4A2985CD-E93D-81D4-F58A-B06BBF330516" otype="Table" vid="67AD94DC-2E01-5812-B14D-406DA1918AFF">
<hideElementsInCurrentOnly>false</hideElementsInCurrentOnly>
<bounds x="532" y="813" width="180" height="268"/>
</OView>
<OView class="oracle.dbtools.crest.swingui.relational.TVTable" oid="5BA4D48D-4E6A-3BF9-45DF-4A5E4A33D51F" otype="Table" vid="A8B20044-7DDE-81C1-756E-B6A3589E07B2">
<hideElementsInCurrentOnly>false</hideElementsInCurrentOnly>
<bounds x="503" y="545" width="228" height="202"/>
</OView>
<OView class="oracle.dbtools.crest.swingui.relational.TVTable" oid="7DE86B62-C83D-3B45-0496-6E8754F9C5DE" otype="Table" vid="9548F710-F578-1B48-F974-EB39338847AC">
<hideElementsInCurrentOnly>false</hideElementsInCurrentOnly>
<bounds x="1253" y="119" width="238" height="218"/>
</OView>
<OView class="oracle.dbtools.crest.swingui.relational.TVTable" oid="B61C7893-285C-6A2A-DD3B-4F1B3B8B7AA9" otype="Table" vid="C1EF7E96-4937-2EF7-92A6-AB8894C3D77C">
<hideElementsInCurrentOnly>false</hideElementsInCurrentOnly>
<bounds x="496" y="299" width="245" height="205"/>
</OView>
<OView class="oracle.dbtools.crest.swingui.relational.TVTable" oid="DD5F7568-2BAA-D9B2-85DA-0F0C29302BF1" otype="Table" vid="FBF211F1-E39F-4443-6D44-F52F1EE0BB54">
<hideElementsInCurrentOnly>false</hideElementsInCurrentOnly>
<bounds x="528" y="30" width="198" height="177"/>
</OView>
<OView class="oracle.dbtools.crest.swingui.relational.TVTable" oid="E136CB43-2C8D-3B2C-60C3-7A6833E695CC" otype="Table" vid="970F718A-66A6-F5E1-0D1E-573A522F93F1">
<hideElementsInCurrentOnly>false</hideElementsInCurrentOnly>
<bounds x="841" y="26" width="235" height="170"/>
</OView>
<OView class="oracle.dbtools.crest.swingui.relational.TVTable" oid="FEAC28F0-A5E3-5664-80AA-5413BEEF69FA" otype="Table" vid="DBCBAC4B-6823-6522-23BB-7C219197487C">
<hideElementsInCurrentOnly>false</hideElementsInCurrentOnly>
<bounds x="24" y="184" width="195" height="254"/>
</OView>
</objectViews>
<connectors>
<Connector class="oracle.dbtools.crest.swingui.relational.TVFKRelation" oid="23C3A853-D111-2E76-EAAE-292E66DDC603" otype="FKIndexAssociation" vid_source="9548F710-F578-1B48-F974-EB39338847AC" vid_target="C1EF7E96-4937-2EF7-92A6-AB8894C3D77C">
<hideElementsInCurrentOnly>false</hideElementsInCurrentOnly>
<backgroundColor>-16777216</backgroundColor>
<lineWidth>1</lineWidth>
<points>
<point x="1253" y="318"/>
<point x="741" y="318"/>
</points>
</Connector>
<Connector class="oracle.dbtools.crest.swingui.relational.TVFKRelation" oid="2E66C284-3ABF-6ADB-B58B-A8A3D1D6C445" otype="FKIndexAssociation" vid_source="C1EF7E96-4937-2EF7-92A6-AB8894C3D77C" vid_target="FBF211F1-E39F-4443-6D44-F52F1EE0BB54">
<hideElementsInCurrentOnly>false</hideElementsInCurrentOnly>
<backgroundColor>-16777216</backgroundColor>
<lineWidth>1</lineWidth>
<points>
<point x="627" y="299"/>
<point x="627" y="207"/>
</points>
</Connector>
<Connector class="oracle.dbtools.crest.swingui.relational.TVFKRelation" oid="34A18E70-89DB-E26B-9085-A85D7C61F0F7" otype="FKIndexAssociation" vid_source="67AD94DC-2E01-5812-B14D-406DA1918AFF" vid_target="9548F710-F578-1B48-F974-EB39338847AC">
<hideElementsInCurrentOnly>false</hideElementsInCurrentOnly>
<backgroundColor>-16777216</backgroundColor>
<lineWidth>1</lineWidth>
<points>
<point x="712" y="852"/>
<point x="1342" y="852"/>
<point x="1342" y="337"/>
</points>
</Connector>
<Connector class="oracle.dbtools.crest.swingui.relational.TVFKRelation" oid="444FF58A-4EDE-4C49-F400-CBD8CEEA4FB1" otype="FKIndexAssociation" vid_source="970F718A-66A6-F5E1-0D1E-573A522F93F1" vid_target="FBF211F1-E39F-4443-6D44-F52F1EE0BB54">
<hideElementsInCurrentOnly>false</hideElementsInCurrentOnly>
<backgroundColor>-16777216</backgroundColor>
<lineWidth>1</lineWidth>
<points>
<point x="841" y="113"/>
<point x="726" y="113"/>
</points>
</Connector>
<Connector class="oracle.dbtools.crest.swingui.relational.TVFKRelation" oid="5F8799FA-D574-9543-930D-FDAB76B308C1" otype="FKIndexAssociation" vid_source="DBCBAC4B-6823-6522-23BB-7C219197487C" vid_target="A8B20044-7DDE-81C1-756E-B6A3589E07B2">
<hideElementsInCurrentOnly>false</hideElementsInCurrentOnly>
<backgroundColor>-16777216</backgroundColor>
<lineWidth>1</lineWidth>
<points>
<point x="219" y="376"/>
<point x="503" y="624"/>
</points>
</Connector>
<Connector class="oracle.dbtools.crest.swingui.relational.TVFKRelation" oid="709C96DD-C6E5-5451-BBF7-050ABCFF1617" otype="FKIndexAssociation" vid_source="67AD94DC-2E01-5812-B14D-406DA1918AFF" vid_target="94B1ECAC-8A0E-25A4-741E-ACDC6F853818">
<hideElementsInCurrentOnly>false</hideElementsInCurrentOnly>
<backgroundColor>-16777216</backgroundColor>
<lineWidth>1</lineWidth>
<points>
<point x="712" y="960"/>
<point x="1591" y="960"/>
<point x="1591" y="768"/>
</points>
</Connector>
<Connector class="oracle.dbtools.crest.swingui.relational.TVFKRelation" oid="70A0A74F-C35F-8D8D-0E11-B848ACD1F906" otype="FKIndexAssociation" vid_source="DBCBAC4B-6823-6522-23BB-7C219197487C" vid_target="67AD94DC-2E01-5812-B14D-406DA1918AFF">
<hideElementsInCurrentOnly>false</hideElementsInCurrentOnly>
<backgroundColor>-16777216</backgroundColor>
<lineWidth>1</lineWidth>
<points>
<point x="77" y="438"/>
<point x="77" y="932"/>
<point x="532" y="932"/>
</points>
</Connector>
<Connector class="oracle.dbtools.crest.swingui.relational.TVFKRelation" oid="7B62CD1F-F511-08AB-C843-0CEE3362F285" otype="FKIndexAssociation" vid_source="94B1ECAC-8A0E-25A4-741E-ACDC6F853818" vid_target="A8B20044-7DDE-81C1-756E-B6A3589E07B2">
<hideElementsInCurrentOnly>false</hideElementsInCurrentOnly>
<backgroundColor>-16777216</backgroundColor>
<lineWidth>1</lineWidth>
<points>
<point x="1481" y="646"/>
<point x="731" y="646"/>
</points>
</Connector>
<Connector class="oracle.dbtools.crest.swingui.relational.TVFKRelation" oid="813B3B44-5432-ED76-E649-87C9F4FFEF8E" otype="FKIndexAssociation" vid_source="9548F710-F578-1B48-F974-EB39338847AC" vid_target="67AD94DC-2E01-5812-B14D-406DA1918AFF">
<hideElementsInCurrentOnly>false</hideElementsInCurrentOnly>
<backgroundColor>-16777216</backgroundColor>
<lineWidth>1</lineWidth>
<points>
<point x="1369" y="337"/>
<point x="1369" y="863"/>
<point x="712" y="863"/>
</points>
</Connector>
<Connector class="oracle.dbtools.crest.swingui.relational.TVFKRelation" oid="D66E6653-D3AE-648F-1017-EDADC3B6F1E6" otype="FKIndexAssociation" vid_source="67AD94DC-2E01-5812-B14D-406DA1918AFF" vid_target="DBCBAC4B-6823-6522-23BB-7C219197487C">
<hideElementsInCurrentOnly>false</hideElementsInCurrentOnly>
<backgroundColor>-16777216</backgroundColor>
<lineWidth>1</lineWidth>
<points>
<point x="532" y="912"/>
<point x="101" y="912"/>
<point x="101" y="438"/>
</points>
</Connector>
<Connector class="oracle.dbtools.crest.swingui.relational.TVFKRelation" oid="DA233B24-FA30-1DC6-0644-CC36AB16EC25" otype="FKIndexAssociation" vid_source="94B1ECAC-8A0E-25A4-741E-ACDC6F853818" vid_target="67AD94DC-2E01-5812-B14D-406DA1918AFF">
<hideElementsInCurrentOnly>false</hideElementsInCurrentOnly>
<backgroundColor>-16777216</backgroundColor>
<lineWidth>1</lineWidth>
<points>
<point x="1610" y="768"/>
<point x="1610" y="973"/>
<point x="712" y="973"/>
</points>
</Connector>
<Connector class="oracle.dbtools.crest.swingui.relational.TVFKRelation" oid="E4A85967-BF85-17FB-97AB-DAEB8FED9E34" otype="FKIndexAssociation" vid_source="DBCBAC4B-6823-6522-23BB-7C219197487C" vid_target="C1EF7E96-4937-2EF7-92A6-AB8894C3D77C">
<hideElementsInCurrentOnly>false</hideElementsInCurrentOnly>
<backgroundColor>-16777216</backgroundColor>
<lineWidth>1</lineWidth>
<points>
<point x="219" y="353"/>
<point x="496" y="353"/>
</points>
</Connector>
</connectors>
<arcs>
<Arc class="oracle.dbtools.crest.swingui.relational.TVFKArc" oid="3C299031-9DEB-3E3D-73D9-A0C11C7AC436" otype="FKArc" vid="FC7F2F96-170B-CFA0-CB08-72FC781E8F6B">
<hideElementsInCurrentOnly>false</hideElementsInCurrentOnly>
<bounds x="512" y="793" width="220" height="308"/>
</Arc>
</arcs>
</Diagram>