<?xml version = '1.0' encoding = 'UTF-8'?>
<FKIndexAssociation class="oracle.dbtools.crest.model.design.relational.FKIndexAssociation" directorySegmentName="seg_0" id="23C3A853-D111-2E76-EAAE-292E66DDC603" containerWithKeyObject="B61C7893-285C-6A2A-DD3B-4F1B3B8B7AA9" localFKIndex="5F71EDFF-5B03-04CE-383F-FB0D27987053" name="Venda_Vendedor_FK">
<createdBy>roph</createdBy>
<createdTime>2020-05-25 23:14:33 UTC</createdTime>
<generatorID>4FD15CD5-9F6A-A70F-6287-869B30EFCE73</generatorID>
<ownerDesignName>Modelo Relacional</ownerDesignName>
<referredTableLongName>Vendedor</referredTableLongName>
<deleteRule>NO ACTION</deleteRule>
<referredTableID>7DE86B62-C83D-3B45-0496-6E8754F9C5DE</referredTableID>
<keyObject>708D9FE7-44BD-9D33-5FD0-D5B70F59E224</keyObject>
<referredKeyID>708D9FE7-44BD-9D33-5FD0-D5B70F59E224</referredKeyID>
<mandatory>true</mandatory>
<refColNames>ID</refColNames>
<transferable>true</transferable>
<rely>false</rely>
<columnDependencyConstraintGenerateInDDL>true</columnDependencyConstraintGenerateInDDL>
</FKIndexAssociation>