<?xml version = '1.0' encoding = 'UTF-8'?>
<FKIndexAssociation class="oracle.dbtools.crest.model.design.relational.FKIndexAssociation" directorySegmentName="seg_0" id="2E66C284-3ABF-6ADB-B58B-A8A3D1D6C445" containerWithKeyObject="DD5F7568-2BAA-D9B2-85DA-0F0C29302BF1" localFKIndex="0428BF1B-7183-6B7D-5098-86EED1C935B2" name="Item_Venda_FK">
<createdBy>roph</createdBy>
<createdTime>2020-05-25 23:14:33 UTC</createdTime>
<generatorID>DAF2849F-8195-22AC-3120-3E963E2CE822</generatorID>
<ownerDesignName>Modelo Relacional</ownerDesignName>
<referredTableLongName>Venda</referredTableLongName>
<deleteRule>NO ACTION</deleteRule>
<referredTableID>B61C7893-285C-6A2A-DD3B-4F1B3B8B7AA9</referredTableID>
<keyObject>0E2A6403-3055-6E2D-BAF0-ADEA9AC3C714</keyObject>
<referredKeyID>0E2A6403-3055-6E2D-BAF0-ADEA9AC3C714</referredKeyID>
<mandatory>true</mandatory>
<refColNames>Nota_fiscal</refColNames>
<transferable>true</transferable>
<rely>false</rely>
<columnDependencyConstraintGenerateInDDL>true</columnDependencyConstraintGenerateInDDL>
</FKIndexAssociation>