<?xml version = '1.0' encoding = 'UTF-8'?>
<FKIndexAssociation class="oracle.dbtools.crest.model.design.relational.FKIndexAssociation" directorySegmentName="seg_0" id="34A18E70-89DB-E26B-9085-A85D7C61F0F7" containerWithKeyObject="7DE86B62-C83D-3B45-0496-6E8754F9C5DE" localFKIndex="6A9D1F15-09E8-4825-D4CC-19948CB5D06B" name="Vendedor_Endereço_FK">
<createdBy>roph</createdBy>
<createdTime>2020-05-25 23:14:33 UTC</createdTime>
<generatorID>CD495D82-AB63-AC46-AB25-743DF1A6720A</generatorID>
<ownerDesignName>Modelo Relacional</ownerDesignName>
<referredTableLongName>Endereço</referredTableLongName>
<deleteRule>NO ACTION</deleteRule>
<referredTableID>4A2985CD-E93D-81D4-F58A-B06BBF330516</referredTableID>
<keyObject>D2A94A29-426F-1DAF-80F1-B7876C4CF684</keyObject>
<referredKeyID>D2A94A29-426F-1DAF-80F1-B7876C4CF684</referredKeyID>
<mandatory>true</mandatory>
<refColNames>ID</refColNames>
<transferable>true</transferable>
<rely>false</rely>
<columnDependencyConstraintGenerateInDDL>true</columnDependencyConstraintGenerateInDDL>
</FKIndexAssociation>