<?xml version = '1.0' encoding = 'UTF-8'?>
<FKIndexAssociation class="oracle.dbtools.crest.model.design.relational.FKIndexAssociation" directorySegmentName="seg_0" id="444FF58A-4EDE-4C49-F400-CBD8CEEA4FB1" containerWithKeyObject="DD5F7568-2BAA-D9B2-85DA-0F0C29302BF1" localFKIndex="BCADE8C8-72B9-5DD6-51AC-54F279621C4E" name="Item_Produto_FK">
<createdBy>roph</createdBy>
<createdTime>2020-05-25 23:14:33 UTC</createdTime>
<generatorID>9868C3F8-C291-BC25-E045-415EF0EEE82D</generatorID>
<ownerDesignName>Modelo Relacional</ownerDesignName>
<referredTableLongName>Produto</referredTableLongName>
<deleteRule>NO ACTION</deleteRule>
<referredTableID>E136CB43-2C8D-3B2C-60C3-7A6833E695CC</referredTableID>
<keyObject>A83419D8-149A-16E8-7B13-BD74FE5BED55</keyObject>
<referredKeyID>A83419D8-149A-16E8-7B13-BD74FE5BED55</referredKeyID>
<mandatory>true</mandatory>
<refColNames>ID</refColNames>
<transferable>true</transferable>
<rely>false</rely>
<columnDependencyConstraintGenerateInDDL>true</columnDependencyConstraintGenerateInDDL>
</FKIndexAssociation>