<?xml version = '1.0' encoding = 'UTF-8'?>
<FKIndexAssociation class="oracle.dbtools.crest.model.design.relational.FKIndexAssociation" directorySegmentName="seg_0" id="5F8799FA-D574-9543-930D-FDAB76B308C1" containerWithKeyObject="5BA4D48D-4E6A-3BF9-45DF-4A5E4A33D51F" localFKIndex="C6E6E5C9-215E-99D8-A968-58EDD517FC77" name="Atendimento_Cliente_FK">
<createdBy>roph</createdBy>
<createdTime>2020-05-25 23:14:33 UTC</createdTime>
<generatorID>BA6EB13A-8DFB-9579-F9E3-7E882A27FB0C</generatorID>
<ownerDesignName>Modelo Relacional</ownerDesignName>
<referredTableLongName>Cliente</referredTableLongName>
<deleteRule>NO ACTION</deleteRule>
<referredTableID>FEAC28F0-A5E3-5664-80AA-5413BEEF69FA</referredTableID>
<keyObject>DAEE0396-44E9-C16F-FB29-05CE86D497FC</keyObject>
<referredKeyID>DAEE0396-44E9-C16F-FB29-05CE86D497FC</referredKeyID>
<mandatory>true</mandatory>
<refColNames>CPF</refColNames>
<transferable>true</transferable>
<rely>false</rely>
<columnDependencyConstraintGenerateInDDL>true</columnDependencyConstraintGenerateInDDL>
</FKIndexAssociation>