<?xml version = '1.0' encoding = 'UTF-8'?>
<FKIndexAssociation class="oracle.dbtools.crest.model.design.relational.FKIndexAssociation" directorySegmentName="seg_0" id="709C96DD-C6E5-5451-BBF7-050ABCFF1617" containerWithKeyObject="457F9482-6866-3616-AA78-A3E2EBE27D61" localFKIndex="3B0B562F-45A9-6E0A-D538-C98A2B2CB1D4" name="Atendente_Endereço_FK">
<createdBy>roph</createdBy>
<createdTime>2020-05-25 23:14:33 UTC</createdTime>
<generatorID>CD495D82-AB63-AC46-AB25-743DF1A6720A</generatorID>
<ownerDesignName>Modelo Relacional</ownerDesignName>
<referredTableLongName>Endereço</referredTableLongName>
<deleteRule>NO ACTION</deleteRule>
<referredTableID>4A2985CD-E93D-81D4-F58A-B06BBF330516</referredTableID>
<keyObject>D2A94A29-426F-1DAF-80F1-B7876C4CF684</keyObject>
<referredKeyID>D2A94A29-426F-1DAF-80F1-B7876C4CF684</referredKeyID>
<mandatory>true</mandatory>
<refColNames>ID</refColNames>
<transferable>true</transferable>
<rely>false</rely>
<columnDependencyConstraintGenerateInDDL>true</columnDependencyConstraintGenerateInDDL>
</FKIndexAssociation>