<?xml version = '1.0' encoding = 'UTF-8'?>
<FKIndexAssociation class="oracle.dbtools.crest.model.design.relational.FKIndexAssociation" directorySegmentName="seg_0" id="70A0A74F-C35F-8D8D-0E11-B848ACD1F906" containerWithKeyObject="4A2985CD-E93D-81D4-F58A-B06BBF330516" localFKIndex="2E010BD6-0EAB-6781-6437-6CB8E6D5835F" name="Endereço_Cliente_FK">
<createdBy>roph</createdBy>
<createdTime>2020-05-25 23:14:33 UTC</createdTime>
<generatorID>8EF4930F-702F-26E3-FB24-04D23F591568</generatorID>
<ownerDesignName>Modelo Relacional</ownerDesignName>
<referredTableLongName>Cliente</referredTableLongName>
<deleteRule>NO ACTION</deleteRule>
<referredTableID>FEAC28F0-A5E3-5664-80AA-5413BEEF69FA</referredTableID>
<keyObject>A5D87B47-97DB-4657-FFC0-C14F152B211B</keyObject>
<referredKeyID>A5D87B47-97DB-4657-FFC0-C14F152B211B</referredKeyID>
<mandatory>true</mandatory>
<refColNames>ID</refColNames>
<transferable>true</transferable>
<rely>false</rely>
<columnDependencyConstraintGenerateInDDL>true</columnDependencyConstraintGenerateInDDL>
</FKIndexAssociation>