<?xml version = '1.0' encoding = 'UTF-8'?>
<FKIndexAssociation class="oracle.dbtools.crest.model.design.relational.FKIndexAssociation" directorySegmentName="seg_0" id="7B62CD1F-F511-08AB-C843-0CEE3362F285" containerWithKeyObject="5BA4D48D-4E6A-3BF9-45DF-4A5E4A33D51F" localFKIndex="2AA53320-A1C0-255B-F729-DC928BDF0B3C" name="Atendimento_Atendente_FK">
<createdBy>roph</createdBy>
<createdTime>2020-05-25 23:14:33 UTC</createdTime>
<generatorID>FF14A075-05E9-EB5A-B3F7-992F766930B1</generatorID>
<ownerDesignName>Modelo Relacional</ownerDesignName>
<referredTableLongName>Atendente</referredTableLongName>
<deleteRule>NO ACTION</deleteRule>
<referredTableID>457F9482-6866-3616-AA78-A3E2EBE27D61</referredTableID>
<keyObject>FB208C98-2FE8-12F3-DCE2-0F2C81968206</keyObject>
<referredKeyID>FB208C98-2FE8-12F3-DCE2-0F2C81968206</referredKeyID>
<mandatory>true</mandatory>
<refColNames>ID</refColNames>
<transferable>true</transferable>
<rely>false</rely>
<columnDependencyConstraintGenerateInDDL>true</columnDependencyConstraintGenerateInDDL>
</FKIndexAssociation>