<?xml version = '1.0' encoding = 'UTF-8'?>
<FKIndexAssociation class="oracle.dbtools.crest.model.design.relational.FKIndexAssociation" directorySegmentName="seg_0" id="813B3B44-5432-ED76-E649-87C9F4FFEF8E" containerWithKeyObject="4A2985CD-E93D-81D4-F58A-B06BBF330516" localFKIndex="C0CEA9C0-2706-CD6B-9CE3-8CC4D5E7151F" name="Endereço_Vendedor_FK">
<createdBy>roph</createdBy>
<createdTime>2020-05-25 23:14:33 UTC</createdTime>
<generatorID>CD495D82-AB63-AC46-AB25-743DF1A6720A</generatorID>
<ownerDesignName>Modelo Relacional</ownerDesignName>
<referredTableLongName>Vendedor</referredTableLongName>
<arc>3C299031-9DEB-3E3D-73D9-A0C11C7AC436</arc>
<deleteRule>NO ACTION</deleteRule>
<referredTableID>7DE86B62-C83D-3B45-0496-6E8754F9C5DE</referredTableID>
<keyObject>708D9FE7-44BD-9D33-5FD0-D5B70F59E224</keyObject>
<referredKeyID>708D9FE7-44BD-9D33-5FD0-D5B70F59E224</referredKeyID>
<mandatory>false</mandatory>
<refColNames>ID</refColNames>
<transferable>true</transferable>
<rely>false</rely>
<columnDependencyConstraintGenerateInDDL>true</columnDependencyConstraintGenerateInDDL>
</FKIndexAssociation>