<?xml version = '1.0' encoding = 'UTF-8'?>
<FKIndexAssociation class="oracle.dbtools.crest.model.design.relational.FKIndexAssociation" directorySegmentName="seg_0" id="D66E6653-D3AE-648F-1017-EDADC3B6F1E6" containerWithKeyObject="FEAC28F0-A5E3-5664-80AA-5413BEEF69FA" localFKIndex="8E46633C-CAB3-7AAC-90C0-6C195F97D7C3" name="Cliente_Endereço_FK">
<createdBy>roph</createdBy>
<createdTime>2020-05-25 23:14:33 UTC</createdTime>
<generatorID>8EF4930F-702F-26E3-FB24-04D23F591568</generatorID>
<ownerDesignName>Modelo Relacional</ownerDesignName>
<referredTableLongName>Endereço</referredTableLongName>
<deleteRule>NO ACTION</deleteRule>
<referredTableID>4A2985CD-E93D-81D4-F58A-B06BBF330516</referredTableID>
<keyObject>D2A94A29-426F-1DAF-80F1-B7876C4CF684</keyObject>
<referredKeyID>D2A94A29-426F-1DAF-80F1-B7876C4CF684</referredKeyID>
<mandatory>true</mandatory>
<refColNames>ID</refColNames>
<transferable>true</transferable>
<rely>false</rely>
<columnDependencyConstraintGenerateInDDL>true</columnDependencyConstraintGenerateInDDL>
</FKIndexAssociation>