<?xml version = '1.0' encoding = 'UTF-8'?>
<FKIndexAssociation class="oracle.dbtools.crest.model.design.relational.FKIndexAssociation" directorySegmentName="seg_0" id="DA233B24-FA30-1DC6-0644-CC36AB16EC25" containerWithKeyObject="4A2985CD-E93D-81D4-F58A-B06BBF330516" localFKIndex="2E1BAFD9-F17D-5119-4977-D8E5397651C3" name="Endereço_Atendente_FK">
<createdBy>roph</createdBy>
<createdTime>2020-05-25 23:14:33 UTC</createdTime>
<generatorID>CD495D82-AB63-AC46-AB25-743DF1A6720A</generatorID>
<ownerDesignName>Modelo Relacional</ownerDesignName>
<referredTableLongName>Atendente</referredTableLongName>
<arc>3C299031-9DEB-3E3D-73D9-A0C11C7AC436</arc>
<deleteRule>NO ACTION</deleteRule>
<referredTableID>457F9482-6866-3616-AA78-A3E2EBE27D61</referredTableID>
<keyObject>FB208C98-2FE8-12F3-DCE2-0F2C81968206</keyObject>
<referredKeyID>FB208C98-2FE8-12F3-DCE2-0F2C81968206</referredKeyID>
<mandatory>false</mandatory>
<refColNames>ID</refColNames>
<transferable>true</transferable>
<rely>false</rely>
<columnDependencyConstraintGenerateInDDL>true</columnDependencyConstraintGenerateInDDL>
</FKIndexAssociation>