<?xml version = '1.0' encoding = 'UTF-8'?>
<FKIndexAssociation class="oracle.dbtools.crest.model.design.relational.FKIndexAssociation" directorySegmentName="seg_0" id="E4A85967-BF85-17FB-97AB-DAEB8FED9E34" containerWithKeyObject="B61C7893-285C-6A2A-DD3B-4F1B3B8B7AA9" localFKIndex="2A82B6E7-F48A-BF5B-A280-13C21B948A38" name="Venda_Cliente_FK">
<createdBy>roph</createdBy>
<createdTime>2020-05-25 23:14:33 UTC</createdTime>
<generatorID>A66B72EF-0147-C697-9904-E0B544F3C596</generatorID>
<ownerDesignName>Modelo Relacional</ownerDesignName>
<referredTableLongName>Cliente</referredTableLongName>
<deleteRule>NO ACTION</deleteRule>
<referredTableID>FEAC28F0-A5E3-5664-80AA-5413BEEF69FA</referredTableID>
<keyObject>DAEE0396-44E9-C16F-FB29-05CE86D497FC</keyObject>
<referredKeyID>DAEE0396-44E9-C16F-FB29-05CE86D497FC</referredKeyID>
<mandatory>true</mandatory>
<refColNames>CPF</refColNames>
<transferable>true</transferable>
<rely>false</rely>
<columnDependencyConstraintGenerateInDDL>true</columnDependencyConstraintGenerateInDDL>
</FKIndexAssociation>